user_id,veg_pref,price_sensitivity,order_frequency
1,0,0.672702994,7
2,1,0.7966813971913723,8
3,1,0.250467899,6
4,0,0.6248740996069989,4
5,0,0.5717459831437487,6
6,0,0.8328303767882711,6
7,0,0.9060870604812605,7
8,1,0.012156771477386807,10
9,1,0.6740199190587927,6
10,1,0.051835799,5
11,0,0.5488586650773559,4
12,1,0.2876327290436782,7
13,1,0.3067765995221412,4
14,0,0.3529585034523566,5
15,0,0.6212924490496101,6
16,0,0.3340499656687692,7
17,0,0.7326990505902804,6
18,0,0.4045273855738697,1
19,0,0.0683532,7
20,0,0.7837598424841072,3
21,1,0.285758325,7
22,0,0.43276687959926263,9
23,0,0.6854438832219015,2
24,0,0.332456157,6
25,0,0.056585656146715624,5
26,1,0.3739210470128136,3
27,0,0.9444485826943034,6
28,0,0.6417343972985582,4
29,0,0.6714791486672069,6
30,0,0.6322821536376398,7
31,1,0.1989921389594368,7
32,0,0.41833386410228013,3
33,0,0.7509397983633183,6
34,1,0.10137289755315915,5
35,1,0.27785277608971226,8
36,1,0.2763191084658536,11
37,0,0.432018928,5
38,0,0.9803687409421851,2
39,1,0.067502547,7
40,0,0.518700994,8
41,0,0.17936468201221045,5
42,0,0.9706765454097441,9
43,0,0.1133035047274642,8
44,1,0.40360100236159124,6
45,0,0.7378849848346062,7
46,1,0.7045544280274453,7
47,0,0.42272863689393225,5
48,0,0.34652416795271823,4
49,0,0.39761237855287057,6
50,0,0.2642762631586393,7
51,1,0.2053329387067998,4
52,1,0.483039698,6
53,1,0.2685337560676073,5
54,1,0.2874616648972501,7
55,0,0.6567560634745571,8
56,1,0.9685373316998922,3
57,0,0.6036372005593751,6
58,0,0.076979467,10
59,0,0.075583614,5
60,0,0.951423221,5
61,0,0.29729079030733363,7
62,0,0.092066986,6
63,1,0.5990445871503816,8
64,0,0.6236487782902661,3
65,0,0.6485048201186882,5
66,0,0.2674020278575413,9
67,0,0.015110684214475034,6
68,1,0.9650153694544719,11
69,0,0.2508930456911025,5
70,1,0.6760262880525475,7
71,1,0.7066298698787096,5
72,0,0.6100074170794857,4
73,0,0.3129073942136482,1
74,1,0.27109625376406576,10
75,1,0.5976682827027031,7
76,1,0.8660956336116915,2
77,1,0.9467337289233956,6
78,0,0.10590580440375763,6
79,0,0.15482861259771985,7
80,0,0.9447362587830797,4
81,1,0.7365352283347926,6
82,1,0.8829938248297731,4
83,0,0.20263263413534316,5
84,0,0.5875858711094019,5
85,0,0.7011395944174736,8
86,0,0.6801118854469727,4
87,1,0.4081516908666981,5
88,1,0.015394891691308477,8
89,1,0.5829260568042631,6
90,0,0.25310153917960876,5
91,0,0.45025424614289034,5
92,1,0.9575810150838173,9
93,1,0.3990353176424347,8
94,0,0.8398016066644267,8
95,1,0.18854060574925113,4
96,0,0.6724604980250288,9
97,0,0.9770069544389435,4
98,0,0.10189310087293679,7
99,0,0.008319942,4
100,0,0.43358279263261434,4
101,0,0.092625483,10
102,1,0.7483843496762314,8
103,0,0.9145486638485589,6
104,0,0.43402097270875883,6
105,1,0.25871164215544096,5
106,0,0.4344033190066098,5
107,0,0.723447818,4
108,1,0.009054162,7
109,0,0.5894539894846972,3
110,0,0.6132916848873791,7
111,0,0.6376882468959355,7
112,0,0.2420220799808772,8
113,1,0.7140527233781268,11
114,1,0.091391486,6
115,1,0.1992703364668008,3
116,1,0.8774700466544819,8
117,1,0.7387231507265664,3
118,0,0.013745554011345251,10
119,1,0.2483762603698002,6
120,0,0.21440648299316456,7
121,1,0.2708063280369726,3
122,1,0.2475597702798864,4
123,0,0.062526296,6
124,0,0.45894051659682034,6
125,0,0.7327334747861651,6
126,0,0.6067317247174364,6
127,1,0.6728716685980798,7
128,1,0.081149179,7
129,0,0.9514907101767872,3
130,0,0.8384918338430248,3
131,0,0.8050903184956627,3
132,0,0.8229838050417675,7
133,0,0.9327105081327614,6
134,0,0.5442539661136977,4
135,1,0.2002820178676259,6
136,0,0.6167836078525412,9
137,0,0.742881494,5
138,1,0.7379173933540254,3
139,0,0.5214490241668801,11
140,1,0.068458719,6
141,1,0.3711129384301278,6
142,0,0.9207666084633573,8
143,0,0.58444891,3
144,0,0.5383319432557134,7
145,0,0.2688535143821935,6
146,0,0.3684489199165789,5
147,1,0.8953460891531693,5
148,0,0.6664630475268357,8
149,0,0.7873870267523329,7
150,0,0.45434542306765513,8
151,1,0.6302472194561579,3
152,0,0.24838360874320753,7
153,0,0.7054608302834863,8
154,0,0.4276013337033373,4
155,1,0.4425455148147456,4
156,0,0.6493223245768817,8
157,1,0.9362806214689267,4
158,1,0.064006347,6
159,0,0.8247432373470076,2
160,1,0.2923831104121931,4
161,0,0.4439194545063778,4
162,1,0.021913328775008956,6
163,1,0.30104607783431303,8
164,0,0.5026312426301305,6
165,0,0.056176077,7
166,1,0.49109572938316515,9
167,0,0.9271106288584273,10
168,0,0.10539321810780522,6
169,0,0.7644407280755043,8
170,0,0.40967105337599263,8
171,1,0.655173715,8
172,0,0.26023659798522936,6
173,0,0.1594922625413583,6
174,0,0.16046261427122643,4
175,1,0.070491946,10
176,0,0.18564670490124302,3
177,1,0.6642193849889683,4
178,0,0.881690612,8
179,1,0.8141256855911618,7
180,0,0.6851343098744841,4
181,0,0.11043186341110267,5
182,0,0.28918744629594983,4
183,1,0.309806875,4
184,1,0.24995694639762123,7
185,0,0.5150056597097231,5
186,1,0.5355538148796726,5
187,1,0.3568859751711102,6
188,0,0.353789159,6
189,0,0.8285555979060814,5
190,0,0.7892928483196856,3
191,0,0.30779583168074565,6
192,1,0.9137884438732593,5
193,1,0.952815017,5
194,1,0.32674254203004083,8
195,0,0.35442494879305486,5
196,0,0.5056341534219588,9
197,1,0.9411208125336735,9
198,1,0.8763194331423115,3
199,1,0.1025679625835898,5
200,1,0.3927307432714162,7
201,1,0.5533711897497718,4
202,0,0.503132473,4
203,0,0.19386306793689267,5
204,1,0.8588167711681547,8
205,1,0.6769407829968374,4
206,0,0.8379083748518036,6
207,0,0.8587642793494722,6
208,1,0.7483558536657398,3
209,0,0.43921060124971734,3
210,0,0.6105467550154245,6
211,0,0.16036540611974315,7
212,1,0.6736454174749077,6
213,1,0.17925325573928075,7
214,0,0.6939495905101568,5
215,1,0.22959816075396866,6
216,0,0.11755130015021997,7
217,0,0.16528449014295743,4
218,1,0.001992135,5
219,1,0.7187396178535302,8
220,1,0.7324010490583791,6
221,1,0.5149333499132595,9
222,0,0.1613628010553837,2
223,0,0.083554338,8
224,0,0.019128966,5
225,0,0.1657481769652207,9
226,0,0.8908555349831467,9
227,1,0.24153684170168177,4
228,0,0.35427132721721566,2
229,1,0.10534548448133318,6
230,1,0.22236130474817029,6
231,1,0.5192245707802051,7
232,0,0.6077526830956526,8
233,0,0.24535231416621106,5
234,0,0.057732159,8
235,0,0.39103286912739865,10
236,1,0.23420337092633414,5
237,0,0.21955392322980194,3
238,0,0.9598628027134553,5
239,1,0.6163004859257241,3
240,0,0.5568784431720959,8
241,1,0.4157751035233219,9
242,1,0.42894433343014426,7
243,1,0.5409050038380808,7
244,0,0.6964298070361072,6
245,0,0.7021460961818294,9
246,1,0.17169390770544957,5
247,0,0.500112752,5
248,1,0.41195809503410197,5
249,1,0.8705269662693842,6
250,1,0.6314189212183764,2
251,0,0.5325040664159818,6
252,0,0.11539464217891737,6
253,1,0.6056378893234114,5
254,0,0.11720390568023342,7
255,0,0.33720657556575206,6
256,0,0.14284196481433187,5
257,1,0.6920736470243689,3
258,1,0.2062521138361526,5
259,0,0.391859373,5
260,0,0.8956747776187787,5
261,1,0.2043163833989703,4
262,1,0.5078050639587791,4
263,0,0.419271661,4
264,0,0.018124041045729733,3
265,1,0.7927581135728128,9
266,1,0.069045906,6
267,1,0.4742550209769536,6
268,1,0.5606782949389499,8
269,0,0.6284264566145871,1
270,0,0.6886316293078756,7
271,1,0.2532723835227151,2
272,1,0.009978777,1
273,1,0.723443662,6
274,1,0.5356565993475786,7
275,0,0.8361177032072488,2
276,0,0.8213883629006943,6
277,1,0.8433261677878832,6
278,1,0.48509465997954015,7
279,1,0.33362839583686565,5
280,1,0.791558203,5
281,1,0.45129411302925493,3
282,0,0.1834421964034345,6
283,0,0.8549740195614743,9
284,0,0.8825598767723473,7
285,0,0.4663097561401701,7
286,0,0.075699727,6
287,0,0.38782608991693124,3
288,0,0.8035376594626034,3
289,0,0.9017740285462287,5
290,0,0.20347274249759584,8
291,0,0.066973612,9
292,0,0.8773504531328387,4
293,1,0.3894049389788753,5
294,0,0.5417609642675633,6
295,0,0.9680658120507589,10
296,0,0.066564728,8
297,1,0.6483180074520956,5
298,0,0.074105423,6
299,1,0.3754689284665004,4
300,0,0.8038145451934468,5
301,0,0.4334722327556344,7
302,0,0.9971823539029504,3
303,0,0.5590592849466022,9
304,1,0.3211621526359535,6
305,1,0.22011132590475313,5
306,1,0.3505205342861618,8
307,0,0.3725332737595508,7
308,0,0.068713678,8
309,1,0.36957419942677316,5
310,0,0.4642385197392249,4
311,0,0.7227377522388047,9
312,0,0.656729485,7
313,0,0.7087656552291542,4
314,1,0.008363682,6
315,1,0.21766739958053605,7
316,1,0.6616842883998565,4
317,0,0.48398936817974714,7
318,0,0.005313476,3
319,0,0.8044946424318223,4
320,0,0.7728095732903374,7
321,0,0.5484191629935626,5
322,1,0.066463326,6
323,1,0.7665150495325846,3
324,0,0.583713588,4
325,1,0.7819599771579592,6
326,1,0.7517469923958404,6
327,0,0.8030020719578371,5
328,1,0.5180080664046248,6
329,0,0.140324518,9
330,0,0.6711574733796887,7
331,0,0.6204737850519706,4
332,1,0.7422531871990872,6
333,0,0.1698810060507353,6
334,0,0.19497519990028922,7
335,0,0.8904095172193285,4
336,0,0.7499777984520708,5
337,1,0.9082284887003229,5
338,1,0.7587153211639207,5
339,0,0.5971553059903019,3
340,0,0.6541327370278737,7
341,0,0.889127924,5
342,0,0.5788067545119405,12
343,0,0.6323913243283874,5
344,0,0.15647671600360058,6
345,0,0.4739212201161027,3
346,1,0.716397112,4
347,1,0.2709426983163654,6
348,0,0.20225418052453492,6
349,0,0.31382680822441555,7
350,1,0.24150062799283345,5
351,0,0.21491263703639585,13
352,1,0.42485084286808694,1
353,1,0.9078385138835341,6
354,0,0.5070596467387183,4
355,0,0.18792038081532303,3
356,1,0.076971669,4
357,0,0.6961561451379252,3
358,0,0.38279876443638783,4
359,1,0.8218309465853593,6
360,0,0.6595107686407702,6
361,0,0.7962414505413685,10
362,1,0.27194603941844875,6
363,0,0.6923589224610581,6
364,0,0.2640619846937188,3
365,1,0.9390684794502916,7
366,0,0.6363742815333744,5
367,1,0.3245118001753421,7
368,1,0.26951186229227264,3
369,0,0.1909265850716435,8
370,0,0.6946409588937278,8
371,0,0.2187156129979273,6
372,0,0.5953032659274891,8
373,0,0.26463502692535734,8
374,1,0.6619689447938686,6
375,0,0.8149397285405392,12
376,0,0.7780252431446532,5
377,1,0.7608513309307817,4
378,0,0.18772240569225207,10
379,1,0.088384947,10
380,0,0.6989488284873856,7
381,0,0.3683472137943513,6
382,1,0.4323462264033473,1
383,1,0.031149092793391064,4
384,1,0.2595764492750492,7
385,1,0.033676404,9
386,1,0.8791857726012476,5
387,0,0.24339668321853047,4
388,0,0.55733717,6
389,1,0.038979321,4
390,1,0.6668473913056581,6
391,1,0.32302734575409386,3
392,0,0.8979191869576658,3
393,0,0.8881181889340358,6
394,1,0.3252906183617478,5
395,0,0.9009608956904679,10
396,1,0.9961576734987788,6
397,1,0.8254156641239481,10
398,0,0.844871348,6
399,1,0.2490087361090899,6
400,1,0.5767023988577563,4
401,0,0.067255914,4
402,1,0.094917937,2
403,0,0.9988926120332906,6
404,1,0.32663924942591094,3
405,0,0.7481839120488464,7
406,1,0.8066650530268165,5
407,0,0.8580232710072292,5
408,0,0.9976282974021565,7
409,1,0.24149648525686784,5
410,0,0.040350827,4
411,0,0.411191518,8
412,1,0.13008066982894695,5
413,1,0.022425889162055124,5
414,0,0.3604268271414861,4
415,1,0.7837382510752364,6
416,0,0.5661806912250709,6
417,0,0.31277798921035405,4
418,0,0.6543420054927197,7
419,1,0.23201818030881072,4
420,1,0.014381446072085025,6
421,1,0.7643533864364274,8
422,1,0.6237430848640091,4
423,0,0.762302625,3
424,0,0.038938017,7
425,0,0.8371196278306522,4
426,0,0.6195262000363033,8
427,0,0.5633953507126401,9
428,1,0.6246140481145316,6
429,0,0.8644332468683641,6
430,0,0.5869365065589071,7
431,0,0.5809503798881793,11
432,1,0.9906791570657658,3
433,1,0.756730167,8
434,0,0.4422938054511353,3
435,0,0.7073970000329277,4
436,1,0.3892304716917885,5
437,0,0.228875462,7
438,1,0.5968518768877594,7
439,1,0.9281820981139515,5
440,0,0.9291395200154627,10
441,0,0.3419052781054903,3
442,1,0.527677466,2
443,0,0.2116358985698612,5
444,0,0.9956311094988834,6
445,1,0.9811179078679357,7
446,1,0.6495089297074473,5
447,1,0.8044140596774734,5
448,1,0.715100161,7
449,0,0.5931582190394682,8
450,0,0.053347996988897695,2
451,1,0.45476434255266107,10
452,0,0.6747863021674105,5
453,0,0.6775316138836847,5
454,1,0.3731226184223836,7
455,0,0.9416919866580306,5
456,0,0.167357032,9
457,0,0.5003594462155606,14
458,0,0.6908839765508228,8
459,0,0.6971358058918092,7
460,0,0.6486389567688156,5
461,0,0.27528821345186016,10
462,1,0.15620656868662197,6
463,1,0.6359403268267109,3
464,0,0.5993021161394377,3
465,1,0.17935601028924097,6
466,0,0.7051391455705633,7
467,0,0.4551719917336564,9
468,1,0.6677605916031529,8
469,0,0.8373670797701507,5
470,1,0.16972842857692316,10
471,0,0.019144868,4
472,1,0.7791025863957868,7
473,0,0.6096974251526159,5
474,1,0.6996395696221217,6
475,0,0.8381549749886426,7
476,1,0.8028109348245005,4
477,0,0.9609201469288247,7
478,0,0.5359350788521182,4
479,1,0.48849563265990537,9
480,0,0.4018871998907301,10
481,1,0.15369104284420454,4
482,1,0.5726072328820224,5
483,0,0.2770125243259788,8
484,1,0.9213075122129755,10
485,0,0.5831908042770976,8
486,1,0.5928401805081102,9
487,0,0.354924661,8
488,0,0.051989352,8
489,1,0.031743765,6
490,1,0.4233351441531975,2
491,0,0.084565378,9
492,1,0.6068469555401391,2
493,0,0.8809730056396574,2
494,0,0.8829148165187222,4
495,0,0.6590454101322324,4
496,0,0.211231831,5
497,0,0.8629968313588721,6
498,0,0.8860934353132082,9
499,1,0.1966535849529587,6
500,1,0.7374260857706773,4
501,1,0.28651954892712295,5
502,0,0.8026403123529297,5
503,0,0.9972378999036027,5
504,1,0.030026005329392813,12
505,1,0.8973658657909319,5
506,0,0.622630534,5
507,1,0.9733826191648212,4
508,1,0.4650095175264276,7
509,1,0.8473879305713737,7
510,1,0.062394069,4
511,1,0.3352790500782957,7
512,0,0.067016538,6
513,1,0.9753431334790705,8
514,1,0.8169739072718367,4
515,0,0.8525474212459705,4
516,0,0.9379652314338942,3
517,0,0.085103486,10
518,1,0.38559759251333336,9
519,1,0.071034889,2
520,0,0.21079310155002862,4
521,0,0.22936577703767236,5
522,0,0.4691072110475787,5
523,1,0.2685621674536426,6
524,1,0.10097810681776109,3
525,1,0.1674910890941077,5
526,0,0.14727556355209093,10
527,0,0.9730767979122983,5
528,0,0.7592925069184736,4
529,0,0.967761465,6
530,1,0.43974048650790853,3
531,1,0.2783684816626566,7
532,1,0.7982931972091867,4
533,1,0.3262539180411468,7
534,0,0.2993833737053483,3
535,1,0.2325059922078312,6
536,1,0.12967897822423535,6
537,1,0.25646306101676597,4
538,0,0.3553197484738877,8
539,0,0.6739942081457304,9
540,0,0.062564842,1
541,1,0.21050693966534295,6
542,1,0.8090236402916764,4
543,0,0.14692192358377076,9
544,1,0.34264514652252154,6
545,1,0.8646589218581401,4
546,0,0.15492531114344266,6
547,0,0.082736836,3
548,1,0.48453799508001083,6
549,0,0.3024195112785364,10
550,1,0.5634083644838541,8
551,0,0.8038048904834751,7
552,1,0.13714848815274316,2
553,0,0.580699085,2
554,0,0.5055087603898639,9
555,1,0.14407878601319957,9
556,0,0.6239984855289824,10
557,0,0.27364041786077165,10
558,0,0.4878343185440125,3
559,1,0.082272324,8
560,1,0.45958405721362305,8
561,1,0.3064634680428203,8
562,0,0.8223812111853543,5
563,0,0.056978727,4
564,0,0.41860727491832994,7
565,0,0.458431424,6
566,0,0.7250060762991187,7
567,0,0.574287575,2
568,0,0.667212337,4
569,1,0.7770492856517561,2
570,0,0.8622029736581888,6
571,0,0.3138754967224705,4
572,1,0.538022705,8
573,0,0.8401080784391999,1
574,1,0.9894511309650564,7
575,1,0.8895193110437631,2
576,1,0.3714672626243768,6
577,0,0.19516651721865041,6
578,1,0.4893925374065887,8
579,0,0.7416414518360422,5
580,0,0.4925690707532976,8
581,0,0.4831808633136685,5
582,1,0.8382304210818006,9
583,0,0.36140377906718635,5
584,0,0.8597946748116456,8
585,1,0.40680480095172356,2
586,0,0.3282331056783394,3
587,0,0.453989911,2
588,0,0.7624469586748684,6
589,0,0.12600202786399428,9
590,0,0.19641921587201738,5
591,0,0.951444826,0
592,1,0.17549162738135737,11
593,0,0.5677273179310546,3
594,0,0.5793144666619379,11
595,1,0.4896244620502448,5
596,0,0.6447452485768186,5
597,1,0.22982672579761843,4
598,0,0.5526622677767482,10
599,0,0.37217325524689715,5
600,0,0.66166726,4
601,0,0.14122354337314946,3
602,0,0.5708774168394762,4
603,0,0.1852703553833237,7
604,0,0.2786430631150364,3
605,0,0.21870980032358323,4
606,0,0.1828377798688171,10
607,0,0.825710952,4
608,0,0.28570756766089034,8
609,0,0.9271237818644493,5
610,1,0.9699265253451909,3
611,0,0.5712604699370973,9
612,1,0.1430011226657264,6
613,1,0.37454824337958126,8
614,0,0.797732263,5
615,1,0.36739072869707046,4
616,1,0.087017218,8
617,0,0.5567849109281879,4
618,0,0.8451208514960348,7
619,1,0.7959263871435024,7
620,1,0.17512314013035324,6
621,0,0.6727646144124667,5
622,0,0.2205042634356471,9
623,0,0.21820753455217223,7
624,0,0.8740717733051852,10
625,1,0.24966895274023015,4
626,0,0.2632473465180112,2
627,0,0.000653391,9
628,1,0.8706690341255177,10
629,0,0.7925948132091347,7
630,0,0.627328935,3
631,1,0.7502657639388423,6
632,1,0.1520485674244918,7
633,0,0.45832359458757543,9
634,0,0.3512193873487809,4
635,0,0.093776526,8
636,0,0.4861304852149241,10
637,0,0.9207396503426354,9
638,0,0.040059119,8
639,0,0.2914609134937939,7
640,0,0.20754093620570346,6
641,0,0.23814665366569632,7
642,0,0.9084345518793753,8
643,0,0.4680690542342901,4
644,0,0.4662994129398188,7
645,0,0.7605756424552823,15
646,1,0.1544922040049258,2
647,0,0.4872653541000508,8
648,1,0.4299852141210597,8
649,1,0.5969106905466561,3
650,0,0.9995577032504386,5
651,0,0.7694488940820471,4
652,0,0.3978657030174272,4
653,0,0.827553052,3
654,1,0.17070836331248018,4
655,0,0.030463686308960125,6
656,0,0.20444837246427305,11
657,0,0.34041155611425966,4
658,0,0.5105807574595599,6
659,1,0.6151291405411998,4
660,0,0.9106057172144217,9
661,0,0.5098540095504577,8
662,1,0.5012756446257294,3
663,1,0.05024301,13
664,0,0.034911553,7
665,0,0.5511599619163721,9
666,0,0.4381786132483445,4
667,0,0.8391803949802986,10
668,0,0.16067958471184518,6
669,0,0.024971662117049598,9
670,0,0.44903876793012587,9
671,0,0.23747855675225749,9
672,1,0.049614373,11
673,0,0.724598287,4
674,0,0.11159299995724747,5
675,0,0.6083195000077717,2
676,1,0.28104975016688916,7
677,0,0.17349605035502202,5
678,0,0.37975152291931746,8
679,1,0.8014457762229537,5
680,1,0.3920935769045727,6
681,1,0.7507696492110557,5
682,0,0.1254862967991507,2
683,0,0.7727714196650791,7
684,1,0.23693332490664865,9
685,1,0.6773931298888728,5
686,0,0.5657815548409963,5
687,0,0.9291447172116873,7
688,0,0.38732251797531403,4
689,1,0.066165189,9
690,0,0.019155485551252904,1
691,0,0.8268585609727531,9
692,0,0.5247356376614322,1
693,0,0.7752440518349493,6
694,0,0.2344256000115147,5
695,0,0.34508374551323373,5
696,1,0.030103872,10
697,0,0.9614923245741122,3
698,0,0.6678679067008134,4
699,0,0.9332050877593062,6
700,0,0.2654964074290723,10
701,0,0.6114636112256608,8
702,0,0.6784999682926378,7
703,0,0.31754970025758844,4
704,0,0.8481092350156301,6
705,0,0.9471614629002478,6
706,1,0.8848551176960043,5
707,0,0.7390669759393725,4
708,1,0.27746467972495403,4
709,0,0.28161604210563174,5
710,1,0.9633603204460379,7
711,1,0.010284495935692028,5
712,0,0.7160499732421445,6
713,0,0.7062461625552622,8
714,0,0.6226895409497974,5
715,0,0.9901088460868658,4
716,1,0.31187943576372523,6
717,1,0.3399718637932482,7
718,1,0.078939403,7
719,0,0.44279813654373745,8
720,1,0.2610485262348481,9
721,1,0.3433867021776442,1
722,0,0.8345717902556277,12
723,0,0.9354845135274957,3
724,1,0.18573307200518563,13
725,0,0.37250893155346587,7
726,1,0.9286305621153941,3
727,0,0.061808461,0
728,1,0.092360528,12
729,0,0.16279098920622936,4
730,0,0.5952128341268748,2
731,0,0.15047227100599747,8
732,1,0.9680763814507335,3
733,1,0.44671452725852034,4
734,0,0.5015179603501664,4
735,0,0.2466586158054065,6
736,1,0.4709602524347335,9
737,0,0.6619136326370115,10
738,1,0.7511771369540428,7
739,0,0.753868083,6
740,0,0.5778911126940883,5
741,0,0.9043597749938572,10
742,0,0.8174078473061094,8
743,1,0.7570481146986254,5
744,0,0.055605522,8
745,0,0.006877962,6
746,1,0.21244727719547296,8
747,0,0.6635235939134523,8
748,0,0.4111974888825458,6
749,1,0.40240625929931173,5
750,1,0.8845868882296137,10
751,0,0.8955628481318387,4
752,1,0.9091752640535857,6
753,1,0.3138780765150273,10
754,0,0.6910558127392618,6
755,0,0.27163318127436964,5
756,1,0.19060983307444979,11
757,1,0.18463245734736922,6
758,0,0.34210762086359403,7
759,1,0.4299576197798217,4
760,1,0.8309491710550684,6
761,0,0.1198910934727121,8
762,0,0.7349258473948942,2
763,0,0.5314549141893053,5
764,1,0.2879453426759925,2
765,0,0.4928195845328246,4
766,0,0.29994206977702265,8
767,1,0.596081955,6
768,1,0.4338439228552442,3
769,0,0.16440552907887873,6
770,1,0.11658307455569672,5
771,0,0.5466956820721302,8
772,1,0.9024130332861034,4
773,0,0.34395768655768555,11
774,0,0.7330001072226232,9
775,1,0.658661355,7
776,0,0.931554914,4
777,0,0.8209810172991409,8
778,1,0.566605259,8
779,1,0.6570304982341073,3
780,1,0.8983864665840349,9
781,1,0.3995187845869348,4
782,0,0.32679470585777737,11
783,0,0.010811083635196339,7
784,0,0.8265510741914642,3
785,0,0.8009807004033649,7
786,1,0.10445451810015138,4
787,0,0.5768573811327002,4
788,0,0.4639816981668874,7
789,0,0.11870909550911146,7
790,1,0.9805682270607236,9
791,0,0.21469588746335544,10
792,0,0.06723418,4
793,0,0.5948473795019096,8
794,1,0.7388666771330327,4
795,0,0.032443446,7
796,1,0.6587176387270222,10
797,1,0.5322918759514544,12
798,0,0.10326500887504841,7
799,1,0.17252387694636206,5
800,1,0.5679742973160805,7
801,1,0.2963576135132884,6
802,0,0.9383157286513161,9
803,0,0.8187402294840508,9
804,1,0.983567207,4
805,0,0.259670839,4
806,1,0.969723633,4
807,1,0.43123386979155787,2
808,1,0.3475187953137546,10
809,0,0.050349527,8
810,0,0.052765258,2
811,1,0.6920112559466547,4
812,1,0.4579289944340279,14
813,0,0.2265216260361057,2
814,1,0.6139703063252326,3
815,1,0.2528581182501112,5
816,0,0.5776317543444226,6
817,0,0.35920874698269034,10
818,0,0.823552227,3
819,0,0.8206961607667793,7
820,0,0.4773503981224013,4
821,1,0.3508191093350156,6
822,0,0.36255979655909454,5
823,0,0.8057145256682179,8
824,0,0.328179483,6
825,0,0.20905937370684602,1
826,1,0.084688342,5
827,0,0.4666931208844084,9
828,0,0.4821320989198419,4
829,1,0.8409087104029072,1
830,0,0.22123869644606398,4
831,0,0.3809912736683999,8
832,0,0.8084057388936909,6
833,0,0.8236236107489735,6
834,0,0.3846110759787682,6
835,0,0.4591240232866809,2
836,0,0.3032858908492829,5
837,1,0.9325548784193121,10
838,0,0.11864376574158031,3
839,0,0.933749423,8
840,1,0.6838664518353432,1
841,0,0.5315721526867312,9
842,1,0.032659060784495875,10
843,0,0.4755961918220083,5
844,1,0.4077481050027323,12
845,0,0.16121881197512256,2
846,0,0.6564096035006569,5
847,0,0.9711509073682858,3
848,1,0.5621888110645251,5
849,0,0.7147532764439458,8
850,0,0.068450453,3
851,0,0.41766699581699473,11
852,1,0.11635848516449587,2
853,0,0.6127958355365104,5
854,1,0.9384821582141546,4
855,0,0.6617777324716385,3
856,0,0.076803048,9
857,0,0.35466620498508283,12
858,0,0.5506633794408515,4
859,0,0.4032077561332522,7
860,0,0.8336440104751723,2
861,1,0.8146710047099892,5
862,0,0.6118310201032214,5
863,0,0.37345794513270525,3
864,0,0.25533637376324414,6
865,0,0.10587431821312931,11
866,0,0.35489768348655404,4
867,0,0.4131725172077195,7
868,0,0.6758229251040736,9
869,1,0.6581598242975735,6
870,1,0.07010814,8
871,0,0.3952593154311578,10
872,0,0.18177886721736192,9
873,1,0.1568127053168057,5
874,0,0.8273021497372459,4
875,0,0.041915217,6
876,0,0.41918287590212133,6
877,1,0.1682036557665182,8
878,1,0.879330216,9
879,0,0.5570405132750351,10
880,0,0.23138063637684803,3
881,0,0.5024272871663764,8
882,1,0.7314863597031158,2
883,0,0.9581180089194338,4
884,0,0.22044600424541894,3
885,1,0.8861817721293451,3
886,0,0.9343041141674903,8
887,1,0.9164205445320662,6
888,0,0.6354143568619098,6
889,0,0.6298206544347077,7
890,0,0.4032106331838228,7
891,1,0.7523978823037879,4
892,1,0.5312940183509319,3
893,1,0.6774380712282945,9
894,0,0.42845790384879545,2
895,1,0.7314964640431391,5
896,0,0.8244715176045491,5
897,0,0.14643625660281612,7
898,1,0.832929716,4
899,0,0.5402965317903072,8
900,0,0.8446659090902243,7
901,0,0.4313017063410146,5
902,0,0.37904048538303503,8
903,0,0.9150607325172224,8
904,0,0.2511692675484013,1
905,0,0.8442123252861431,8
906,1,0.4840205725094041,9
907,1,0.5140954425512597,7
908,0,0.308468281,1
909,0,0.5730422006190157,8
910,0,0.3252111962762113,8
911,0,0.039269414,7
912,0,0.27199860534435605,4
913,1,0.006379043,8
914,0,0.9783547870568566,5
915,0,0.9657472098197475,5
916,0,0.39515529747230504,5
917,0,0.728370854,8
918,1,0.345806098,11
919,1,0.671093157,7
920,0,0.8054300430459791,6
921,1,0.9467562446922407,3
922,0,0.400212276,9
923,1,0.7832979829560477,6
924,1,0.2659284506321188,5
925,0,0.9903323037936483,5
926,0,0.025769598764351143,6
927,0,0.603528807,5
928,0,0.6595059816513271,6
929,1,0.6880455570741288,6
930,0,0.12038757878908901,5
931,0,0.9385297834731304,4
932,1,0.1811832790500828,4
933,1,0.6227534032398411,5
934,0,0.22267607912308496,7
935,0,0.3072164170212709,9
936,0,0.5464585417281244,7
937,0,0.4171934185645765,4
938,1,0.1602256009765063,1
939,0,0.1709364024208483,4
940,0,0.41814478816279965,6
941,0,0.7572829782755007,4
942,0,0.8979646468477885,6
943,1,0.084127662,10
944,1,0.39310390755940106,6
945,0,0.10024556372287663,5
946,0,0.016592480632597884,3
947,0,0.6617186826439566,11
948,1,0.6024494419665878,3
949,1,0.1630191138148862,7
950,0,0.2338128330930641,7
951,1,0.023707754,5
952,1,0.8349472056944037,7
953,0,0.9746905960485515,5
954,1,0.1354595367946908,6
955,0,0.23147521376529812,8
956,0,0.868409524,6
957,0,0.9264637979561848,2
958,0,0.41962738280681033,10
959,0,0.050622472269074126,2
960,1,0.039391834,4
961,0,0.5739498660690104,9
962,1,0.392895109,9
963,0,0.028652427577654516,7
964,0,0.5832523923125568,6
965,0,0.011302536589022472,4
966,0,0.787371958,4
967,1,0.3064328227033716,11
968,0,0.040258003,8
969,0,0.5883522209831533,5
970,0,0.3976844144330547,2
971,1,0.9738004133571495,4
972,1,0.5441986625037022,5
973,1,0.2752391810370083,9
974,0,0.7094388646339748,9
975,0,0.27149200254271133,5
976,0,0.9042432914075651,8
977,0,0.37472197050737643,5
978,0,0.5498685627762052,8
979,0,0.050573104,1
980,0,0.4261212379522308,5
981,0,0.83236354,6
982,1,0.8056488053633419,4
983,0,0.22431855885352625,6
984,0,0.22607907101056268,8
985,1,0.8173053122132368,6
986,0,0.9303984201693255,8
987,1,0.095360921,8
988,0,0.45005863942622526,10
989,0,0.33745427896422897,6
990,1,0.8706884554574393,7
991,1,0.083524915,6
992,1,0.2111259425580374,11
993,0,0.7524683375864943,8
994,0,0.051293848981215584,9
995,0,0.49253538071428926,4
996,0,0.442107035,6
997,1,0.33440117898874866,10
998,0,0.3945723153189238,3
999,1,0.5299405869302329,8
1000,0,0.16136735838838312,3
1001,0,0.5719958782835928,4
1002,0,0.8054323292999863,4
1003,1,0.76016093,4
1004,1,0.15389990469377368,6
1005,1,0.1492494697414739,4
1006,1,0.2681743677449133,8
1007,1,0.3610747263410372,11
1008,1,0.4084555814084826,2
1009,0,0.6796972168333453,4
1010,0,0.056680432165835404,6
1011,0,0.034672704226066386,12
1012,1,0.391910563,3
1013,1,0.6971636921379805,7
1014,0,0.19343534295648257,11
1015,1,0.6415044812562517,7
1016,1,0.25982813794029946,6
1017,0,0.8860861088135163,4
1018,0,0.8956899442666165,4
1019,1,0.2972872042813265,8
1020,0,0.2299937539632405,5
1021,1,0.41130397206623126,4
1022,0,0.24053158518014872,2
1023,1,0.6723838432917036,5
1024,1,0.8260646845482855,5
1025,1,0.673092131,5
1026,0,0.8243504472493495,7
1027,1,0.39699216220747413,0
1028,1,0.15631697070886086,3
1029,0,0.7379509473975921,6
1030,1,0.3604745051415539,3
1031,0,0.6712708252291325,9
1032,0,0.27064394198176567,3
1033,0,0.081229635,4
1034,0,0.9925817954877634,11
1035,0,0.15620150793059928,1
1036,1,0.988420994,10
1037,0,0.9772799325664473,4
1038,1,0.7938181039080396,10
1039,0,0.6594229620819976,2
1040,0,0.5778070502510847,5
1041,0,0.8661015453778347,5
1042,1,0.28943952161948794,8
1043,0,0.46768121248487704,4
1044,1,0.6193899693665019,2
1045,1,0.4111904758694911,6
1046,1,0.427486454,7
1047,0,0.3302846675020844,6
1048,0,0.564231817,7
1049,1,0.850574528,3
1050,0,0.20152837800631285,5
1051,1,0.9344330387534414,10
1052,0,0.6890876537482297,5
1053,1,0.8232732126800302,8
1054,1,0.5561906926300116,6
1055,1,0.7795167014240635,8
1056,0,0.016200397,6
1057,1,0.8183804247795352,5
1058,0,0.040138859,5
1059,0,0.8899133763628625,5
1060,1,0.9919627472386433,5
1061,1,0.2940674621767778,8
1062,1,0.21031855628579366,7
1063,1,0.7653633638580407,4
1064,0,0.2530263409202532,3
1065,0,0.8655623831722035,3
1066,1,0.10284259215747671,7
1067,0,0.12595519637935826,2
1068,0,0.9791515551006156,9
1069,0,0.6738388982700046,6
1070,0,0.8468872244289528,9
1071,0,0.324329377,10
1072,0,0.6764837495206044,4
1073,0,0.5942418273085972,5
1074,0,0.60315012,7
1075,1,0.6825324595377216,4
1076,0,0.5753591731290986,5
1077,0,0.42906236930266595,7
1078,1,0.27592269438054684,7
1079,0,0.768581331,5
1080,1,0.2262724300031862,10
1081,1,0.6923543061544142,6
1082,0,0.23333282264932664,7
1083,0,0.6253301699544539,6
1084,1,0.7470782671290289,7
1085,1,0.2187138889065392,8
1086,0,0.059943301,5
1087,1,0.13097374299417408,5
1088,0,0.6059969672710255,5
1089,1,0.8494464062257355,9
1090,0,0.044996821,3
1091,1,0.7341512590416462,2
1092,1,0.3413186459500521,7
1093,1,0.4785283699195225,3
1094,0,0.9288595498455656,3
1095,0,0.33197150473584547,5
1096,0,0.46533693393948605,5
1097,0,0.013682414760681105,2
1098,0,0.08159872,7
1099,1,0.258591591,5
1100,0,0.027852240821074403,12
1101,0,0.631375326,5
1102,1,0.4263983568016225,6
1103,1,0.548145203,10
1104,1,0.17464718589632955,1
1105,1,0.2959320294366161,11
1106,0,0.6638244748527251,6
1107,0,0.9653027236303998,5
1108,1,0.050416774,7
1109,1,0.8903843208552661,7
1110,0,0.5768812013112085,5
1111,1,0.5639195667556237,8
1112,0,0.5002785352077603,6
1113,0,0.069394086,5
1114,0,0.089876852,7
1115,0,0.6009120056590861,3
1116,0,0.3409585714355583,6
1117,0,0.9172680665776807,5
1118,1,0.40659053735947226,14
1119,0,0.14328145870264108,5
1120,0,0.714718834,13
1121,1,0.29335342144100984,6
1122,1,0.5254703073558932,2
1123,1,0.697832786,4
1124,1,0.9002641112020704,4
1125,1,0.7921911948016761,5
1126,0,0.6763610678727241,3
1127,0,0.6796331823951436,10
1128,0,0.9459246440320865,5
1129,0,0.29582409749653604,4
1130,0,0.001112094,6
1131,1,0.2719545593981987,8
1132,0,0.21789138,6
1133,0,0.6618345851139982,7
1134,0,0.6337116,3
1135,1,0.5934613827047238,10
1136,0,0.016243443,7
1137,1,0.7287780544506475,10
1138,0,0.3235304124854915,3
1139,0,0.6650559890066311,3
1140,0,0.5565784285021533,5
1141,1,0.3427309254279072,8
1142,0,0.13457626710410775,4
1143,1,0.094418898,11
1144,0,0.8315183331122236,4
1145,0,0.918397542,11
1146,1,0.6497880467642996,2
1147,1,0.10343411486048337,4
1148,1,0.4020272168882407,3
1149,1,0.7289392001051572,2
1150,1,0.7798208840100681,8
1151,1,0.1182186222910886,3
1152,1,3.071884538241587e-05,11
1153,1,0.712137046,4
1154,1,0.35659617598620563,6
1155,1,0.25448133161826025,3
1156,1,0.01289747,7
1157,0,0.5402994067614997,3
1158,1,0.8511507354259817,3
1159,1,0.9576316462725879,5
1160,0,0.5657449506132892,13
1161,1,0.5144613277398942,6
1162,0,0.085056385,5
1163,0,0.5488728015425998,7
1164,1,0.3799790789653946,13
1165,0,0.6071352808835769,6
1166,1,0.3887263478765467,6
1167,1,0.24029912345036675,2
1168,0,0.094965275,7
1169,0,0.31491844458889573,3
1170,0,0.096644834,5
1171,1,0.17689695082398393,9
1172,1,0.9873361585795459,5
1173,1,0.4441035569066186,6
1174,0,0.5318717665050166,3
1175,1,0.8736185287372153,6
1176,0,0.9955689004906878,7
1177,1,0.5827144493446815,5
1178,0,0.8124738210441717,5
1179,1,0.32694102433667527,4
1180,0,0.3057439574472911,12
1181,1,0.4027037209945602,5
1182,0,0.6725072626736491,3
1183,1,0.6821916892550988,7
1184,1,0.3152394346494508,0
1185,0,0.1332099241366287,3
1186,1,0.6323962564655086,12
1187,1,0.12832586218876452,4
1188,0,0.5784925082293301,8
1189,0,0.693422128,7
1190,1,0.7006114963944516,6
1191,0,0.7534721106595967,8
1192,0,0.8728594215656645,7
1193,0,0.49995899196478844,5
1194,1,0.7302491895295712,5
1195,0,0.6191727353658367,4
1196,1,0.18663993979768256,7
1197,1,0.025689644869408168,3
1198,1,0.28454138567693377,6
1199,1,0.4430337063376194,3
1200,0,0.6171059444286563,6
1201,1,0.8499593305032054,6
1202,0,0.19624571670616564,4
1203,0,0.1255497898984771,4
1204,0,0.9634799474743275,13
1205,0,0.10804455937640711,9
1206,1,0.47849107010718916,9
1207,1,0.5855637287933019,2
1208,0,0.5413744209074383,6
1209,0,0.086032157,2
1210,1,0.057026914,3
1211,0,0.10548342746103567,10
1212,0,0.5855876838726125,7
1213,0,0.5443448876343211,3
1214,1,0.23374079203674425,7
1215,1,0.6377741418455916,6
1216,0,0.8200675020556494,9
1217,0,0.041578959846593766,7
1218,1,0.4981299435480424,5
1219,1,0.6893104121026903,9
1220,0,0.2523119270696871,3
1221,1,0.3077709052931491,3
1222,0,0.6136379029893838,6
1223,0,0.8979352934437369,8
1224,1,0.8099244203028994,5
1225,0,0.5831302190995835,6
1226,1,0.7302217177572492,9
1227,0,0.3648224702077987,6
1228,0,0.6409655280987577,6
1229,1,0.46618159112755697,5
1230,0,0.1899361364575609,8
1231,1,0.7017382738772572,5
1232,0,0.556464637,4
1233,0,0.3586215819535914,10
1234,0,0.9113391900786307,4
1235,1,0.020934117826733267,7
1236,0,0.315773151,11
1237,1,0.056881398,8
1238,0,0.7665273162216272,10
1239,1,0.7021074541137926,7
1240,0,0.33135221873631704,7
1241,1,0.675662902,12
1242,1,0.39593722619594984,11
1243,1,0.7562537914224343,5
1244,1,0.4541836627367061,6
1245,1,0.41227972783166555,5
1246,1,0.934729915,7
1247,0,0.25087909989070023,6
1248,0,0.12044733999656543,4
1249,1,0.5845431132594582,7
1250,1,0.9693218122841789,4
1251,1,0.37783921372718665,6
1252,0,0.062036764,9
1253,0,0.33930526730956745,3
1254,0,0.5059316543195584,8
1255,1,0.1619230066322137,6
1256,0,0.658102218,7
1257,0,0.9977493890102006,5
1258,0,0.4517394759814438,6
1259,0,0.35472855673021264,4
1260,0,0.40070416683446664,10
1261,0,0.11514617839520114,8
1262,1,0.8832736014262238,6
1263,0,0.414825656,8
1264,0,0.3872744114248413,4
1265,0,0.6596902729304743,2
1266,0,0.4420334209311235,4
1267,0,0.648233469,11
1268,0,0.061446290130787506,6
1269,1,0.8137233437222274,10
1270,0,0.9405039528794026,8
1271,1,0.648765386,5
1272,1,0.9545659288588108,6
1273,1,0.1514323143699633,4
1274,0,0.4774161894803537,8
1275,0,0.6018067339454473,3
1276,0,0.5817366474211867,1
1277,0,0.40146177908904324,3
1278,1,0.3380844093662614,5
1279,0,0.1268240225504188,5
1280,0,0.3917424505622782,9
1281,1,0.16266081510548513,5
1282,1,0.7343656764922184,7
1283,0,0.20883093549458998,5
1284,0,0.058565305,5
1285,0,0.5523661378172343,9
1286,0,0.5952297327194016,7
1287,0,0.8719130612805055,5
1288,0,0.5769816124176819,8
1289,0,0.3454808537234457,12
1290,0,0.8030118815263205,5
1291,0,0.5402788931874211,3
1292,0,0.079280285,4
1293,0,0.5658505603132467,10
1294,1,0.9080185454216624,6
1295,1,0.39631262549822055,7
1296,0,0.29632580189980007,4
1297,0,0.14346945701802005,8
1298,0,0.15144552193535732,5
1299,1,0.4327714843418189,2
1300,1,0.5956798241615295,3
1301,0,0.080615405,3
1302,1,0.9395685890251657,6
1303,0,0.7551336174451959,2
1304,0,0.5866239182836627,5
1305,1,0.8284386709389908,4
1306,1,0.080186757,6
1307,1,0.4768388777331244,4
1308,1,0.6300931268616634,5
1309,0,0.8286529061182892,5
1310,1,0.7834695600492677,6
1311,0,0.27706924971339963,3
1312,1,0.9408801695592043,8
1313,0,0.12434584143087035,2
1314,1,0.8751336186211521,12
1315,0,0.9709402496046186,8
1316,1,0.17715352322262556,6
1317,0,0.7220660642037853,4
1318,1,0.040285518777998464,6
1319,0,0.40542282513915495,3
1320,0,0.516283299,4
1321,0,0.5806452259096341,5
1322,0,0.9359372482485595,6
1323,1,0.6722506872941947,8
1324,0,0.481277951,4
1325,1,0.8096750362658893,5
1326,0,0.9505328209544089,5
1327,0,0.022066148682290843,7
1328,1,0.9825212722560387,5
1329,1,0.086132139,7
1330,0,0.8143867792687614,4
1331,0,0.2803347525514125,12
1332,1,0.13217965775387175,3
1333,0,0.4398556397138349,0
1334,1,0.6439565794476135,10
1335,1,0.380951845,14
1336,1,0.054565408,6
1337,0,0.5994611396587166,5
1338,1,0.9024032761106747,3
1339,0,0.3832153659472517,3
1340,0,0.21633277763082703,7
1341,0,0.4425773459328154,6
1342,0,0.048362711,5
1343,1,0.8204875844802748,4
1344,1,0.8263408109501867,6
1345,1,0.5880004634296284,10
1346,0,0.3531028889383895,3
1347,0,0.7997833644457834,2
1348,0,0.5546870247883672,5
1349,1,0.8259323085500162,7
1350,0,0.6314587925830206,7
1351,1,0.7844054732127973,10
1352,0,0.598562993,7
1353,0,0.4141410682156662,8
1354,1,0.9579458599261376,8
1355,0,0.5411138248788447,7
1356,1,0.6050895185405384,3
1357,1,0.22048763941474925,7
1358,0,0.6256507894272765,6
1359,0,0.5716076494829438,5
1360,0,0.18483839794702495,9
1361,1,0.059587097353143714,4
1362,0,0.6043593197147711,9
1363,1,0.7636922693503205,5
1364,1,0.5234013709220082,5
1365,1,0.2267726253196457,9
1366,0,0.6665219766930349,7
1367,1,0.080105727,4
1368,1,0.4418337048019546,9
1369,0,0.1633667583984202,6
1370,0,0.18445905105988336,4
1371,1,0.20229394915820365,5
1372,0,0.3867070570439779,4
1373,1,0.051150205620397626,10
1374,0,0.3977934409290982,5
1375,0,0.5117074471147008,7
1376,1,0.4832942849663252,6
1377,0,0.38278410040304056,3
1378,0,0.8391466080707525,6
1379,0,0.1453266924205041,8
1380,0,0.505696744,9
1381,0,0.062041416956554296,13
1382,0,0.071155679,5
1383,1,0.5738658496770963,7
1384,0,0.566018425,6
1385,1,0.878033513,7
1386,0,0.5578736756600732,4
1387,1,0.9597910204048502,5
1388,0,0.048694848,10
1389,1,0.098007685,1
1390,0,0.044065862,7
1391,0,0.18527685033354002,7
1392,0,0.5412701109416781,4
1393,0,0.645572181,3
1394,0,0.045585158,4
1395,0,0.9459708898455993,1
1396,1,0.842165377,5
1397,0,0.2966124821570931,4
1398,0,0.07718753,9
1399,1,0.16988707321905727,8
1400,1,0.12694441375497267,4
1401,0,0.12328377929894685,8
1402,0,0.5185616886657339,1
1403,0,0.2458474424934003,3
1404,1,0.35813971652914445,6
1405,1,0.9895053333843224,8
1406,0,0.6843142489253448,6
1407,1,0.9489806670470013,7
1408,1,0.1425565550331156,5
1409,0,0.38213947483256927,4
1410,1,0.5547318032823543,4
1411,0,0.076758062,7
1412,0,0.004187444,4
1413,0,0.6704343337969175,4
1414,0,0.6418195168014353,8
1415,0,0.41078880999961176,6
1416,1,0.48964407603203264,6
1417,0,0.4154430005920896,5
1418,0,0.024005044844888856,6
1419,0,0.3353716062174624,6
1420,1,0.17708225539728983,4
1421,0,0.098424189,2
1422,0,0.9567204338893498,6
1423,0,0.5993597250421656,6
1424,0,0.7286562842366027,4
1425,1,0.3153637432661175,4
1426,1,0.3931471294940152,4
1427,0,0.23692399389672347,8
1428,1,0.096965671,5
1429,1,0.1790316374415838,5
1430,1,0.7975140452964858,4
1431,0,0.6775458051837758,5
1432,0,0.5469288759854769,5
1433,0,0.47508987286676807,6
1434,1,0.9224342836561245,7
1435,0,0.072734948,8
1436,0,0.28060081323791597,8
1437,0,0.34993785357071405,12
1438,1,0.7824258122127878,4
1439,0,0.9925146201619713,2
1440,1,0.24067051475715306,4
1441,1,0.8743073341370806,3
1442,0,0.8306227604317913,11
1443,1,0.22465739764176662,8
1444,0,0.3993325801992226,8
1445,1,0.4096728692925191,6
1446,0,0.9782206685265583,11
1447,1,0.18089190137889832,3
1448,1,0.799157971,3
1449,1,0.3341927141731099,2
1450,1,0.7308703457761604,6
1451,0,0.42001100429566285,4
1452,1,0.578359763,14
1453,1,0.8326117733261311,5
1454,0,0.8041655649838841,5
1455,0,0.8664231835397002,8
1456,1,0.059617325,8
1457,1,0.6920505530397448,7
1458,1,0.13998737672176287,6
1459,0,0.415818568,10
1460,1,0.5485884150546885,4
1461,0,0.40273948474683074,9
1462,1,0.5196116758030075,8
1463,0,0.9965263087986191,6
1464,1,0.13521731371285473,6
1465,1,0.6754560453364256,10
1466,0,0.3960009663856152,8
1467,1,0.13300979890732878,9
1468,0,0.15873676337430953,4
1469,1,0.9492731062456169,4
1470,1,0.879601497,8
1471,0,0.9070419604150218,6
1472,1,0.9915327758273865,4
1473,1,0.20831539000851795,4
1474,0,0.35543933736406175,6
1475,0,0.6692190299248667,10
1476,1,0.48380253986064725,6
1477,1,0.4183895333783335,5
1478,1,0.35781124933559305,2
1479,1,0.5937806319434522,8
1480,0,0.575593429,6
1481,1,0.16145783406424008,5
1482,0,0.47173983751843906,10
1483,0,0.5534717762098499,2
1484,0,0.5702869387313905,10
1485,0,0.2101071929123518,1
1486,0,0.7422713922522868,6
1487,0,0.025199094821069634,4
1488,1,0.35483185554316266,7
1489,0,0.7802126485356335,3
1490,0,0.5638929210554023,4
1491,0,0.26116243251086024,5
1492,0,0.6949531193430477,5
1493,0,0.5673909441560734,4
1494,0,0.7962436094563872,3
1495,1,0.7350251861898234,7
1496,1,0.6101079220362347,9
1497,1,0.488177675,11
1498,0,0.1331821256675234,7
1499,0,0.26133301788538377,9
1500,1,0.41909947291708527,5
1501,0,0.5992992870063887,7
1502,0,0.5137078552153048,7
1503,0,0.2881845259595295,4
1504,0,0.006464358,6
1505,0,0.49623922190081393,4
1506,0,0.2856259885622431,5
1507,0,0.7346083007105351,6
1508,0,0.023946265,3
1509,1,0.5848278113057909,5
1510,1,0.9414742375060654,7
1511,1,0.1744092671114995,9
1512,1,0.47164949075059537,7
1513,1,0.091421992,6
1514,0,0.6256819122613526,6
1515,0,0.5505316805962256,7
1516,0,0.40736552421283234,3
1517,1,0.5213770214737412,7
1518,1,0.8965746584690102,10
1519,0,0.19629430231106704,6
1520,1,0.022564511705347234,8
1521,0,0.861664885,5
1522,1,0.5771170823879065,5
1523,0,0.8906584554618424,9
1524,0,0.5969452234131726,3
1525,0,0.8101610899597025,4
1526,0,0.42967336335514794,11
1527,0,0.7498599312882688,6
1528,0,0.913041467,10
1529,1,0.5721229637222063,2
1530,0,0.18078515056237954,5
1531,0,0.26879761503019817,3
1532,1,0.19864457689740578,8
1533,1,0.24685702759573291,7
1534,0,0.3064154493510364,6
1535,0,0.5551337867531885,7
1536,0,0.5879916294638328,7
1537,0,0.4264997472418611,7
1538,1,0.6154207798208354,8
1539,0,0.081574926,7
1540,0,0.087788237,4
1541,1,0.17182946035765845,12
1542,0,0.5180774980403448,7
1543,0,0.21399467869831357,7
1544,0,0.28328440349257733,6
1545,1,0.40031283617299407,12
1546,0,0.8118661240103798,5
1547,1,0.013862135912860118,8
1548,0,0.6493788202366224,2
1549,0,0.6688765310406853,12
1550,1,0.7986557803566365,3
1551,1,0.9327529390603132,4
1552,1,0.020137848949289827,4
1553,1,0.15378370551321618,2
1554,1,0.886171294,6
1555,0,0.45851856218701537,10
1556,0,0.5645906389334635,4
1557,1,0.6630272037231474,8
1558,0,0.6790666044956374,6
1559,1,0.9317404033165082,4
1560,1,0.9969494174116696,6
1561,0,0.7201574609309402,9
1562,0,0.2872212092051508,2
1563,1,0.8797524022943436,7
1564,0,0.049220915,6
1565,1,0.2310808528744962,6
1566,0,0.8973857174637149,9
1567,1,0.25619151443935495,4
1568,0,0.22065105962174847,3
1569,1,0.13812529314024724,5
1570,0,0.8591117576469165,4
1571,0,0.5000582591910867,6
1572,0,0.6748932030541548,11
1573,1,0.23906638407502967,10
1574,1,0.7580404210112165,8
1575,0,0.7600055449620985,1
1576,0,0.31259802490830013,5
1577,0,0.41068263301028285,5
1578,1,0.20969027743020086,11
1579,1,0.9765610233229043,7
1580,0,0.6456025770584116,5
1581,0,0.9345438807155155,9
1582,0,0.30338554362913317,6
1583,0,0.7818909129968897,5
1584,0,0.765858644,5
1585,1,0.6916556518665415,2
1586,0,0.9656389752668004,7
1587,1,0.39355533610631555,11
1588,0,0.1307173235897573,6
1589,0,0.6717088592440608,9
1590,1,0.7293098004772062,6
1591,1,0.5750605734588147,11
1592,1,0.20681789313339627,5
1593,0,0.5044559416693554,5
1594,0,0.3121897365691294,7
1595,1,0.42746652816668906,15
1596,0,0.6452185758446639,7
1597,0,0.7452147426908345,14
1598,0,0.23222469090134312,1
1599,0,0.40532536064695335,1
1600,1,0.2691615709916292,9
1601,0,0.19863161386186912,3
1602,0,0.7833872199958384,5
1603,0,0.9092526944369924,3
1604,0,0.3702321856845767,7
1605,0,0.7512789243737669,6
1606,0,0.8969952893644111,6
1607,0,0.8461242105302316,8
1608,1,0.1828133885392259,10
1609,0,0.9562918815133613,5
1610,0,0.37667644042946247,9
1611,1,0.33924066117383633,9
1612,1,0.062431327277780335,7
1613,0,0.486173654,5
1614,0,0.10901361564092871,7
1615,0,0.248539821,11
1616,1,0.3169426217672814,4
1617,1,0.808826323,2
1618,1,0.8754886503958965,10
1619,0,0.3024663174614697,1
1620,1,0.8586981212445739,5
1621,0,0.8572309373697911,8
1622,0,0.7646509503848735,2
1623,0,0.14669511401518154,9
1624,1,0.690322847,6
1625,0,0.9450240645805688,7
1626,1,0.6825404787671571,7
1627,0,0.33161684910783396,9
1628,0,0.5005793174308313,11
1629,0,0.6457250433510536,7
1630,0,0.5105704087285036,7
1631,1,0.11995294173096982,3
1632,0,0.31206404465202064,9
1633,1,0.8023960305536325,2
1634,1,0.8614180460955174,6
1635,1,0.13730003271557023,8
1636,0,0.9523867523987246,3
1637,0,0.32882261784860933,5
1638,0,0.662313739,5
1639,1,0.7518251459566812,3
1640,1,0.8119462346378834,3
1641,0,0.9457497022259301,7
1642,1,0.3129195480288226,7
1643,0,0.8585064545515545,7
1644,1,0.13168690343620704,5
1645,0,0.7050409063535927,5
1646,1,0.7419777295139859,7
1647,0,0.6777232412013204,9
1648,1,0.252314736,10
1649,1,0.8730431470152034,12
1650,1,0.168858463,7
1651,0,0.053634792,8
1652,0,0.7174649906119122,10
1653,0,0.4754757152327337,3
1654,0,0.8490980199586761,4
1655,0,0.38339714105825895,7
1656,1,0.16827858850771282,6
1657,0,0.8364421924698697,6
1658,0,0.5489096316400717,5
1659,0,0.1891957923903549,8
1660,0,0.7203839985864458,7
1661,1,0.5111136384895005,8
1662,0,0.6043129822403198,6
1663,1,0.4608983382065819,7
1664,0,0.8287089838180064,6
1665,1,0.8295627156830498,9
1666,1,0.7093888218243862,4
1667,0,0.10540137739646227,6
1668,1,0.8388538619040689,9
1669,0,0.6710129805329098,5
1670,1,0.6970241660042995,10
1671,0,0.36298284040387163,6
1672,1,0.8792795561570067,6
1673,1,0.7253716002348575,6
1674,1,0.11259046652919447,8
1675,1,0.40777803440616267,3
1676,0,0.8863803619601417,5
1677,0,0.047196701697378995,5
1678,0,0.9614166196420495,4
1679,0,0.6791625683195628,6
1680,1,0.6313759776433766,6
1681,0,0.2705592564879914,4
1682,1,0.24879178873917707,5
1683,1,0.9420582194885955,4
1684,1,0.29827245423412274,6
1685,0,0.7755052967189994,9
1686,1,0.39312179820707915,5
1687,1,0.13925407078470398,3
1688,0,0.010715298,8
1689,1,0.5442573370152508,5
1690,1,0.9757788185489327,1
1691,0,0.3691361938092045,4
1692,0,0.35719233399304484,5
1693,0,0.3440916178494421,10
1694,0,0.5205438373048584,8
1695,0,0.44066488342429355,3
1696,0,0.8799146267270145,5
1697,0,0.5055207917234903,6
1698,0,0.5077578381885688,9
1699,1,0.1383715947205566,7
1700,0,0.982739541,4
1701,1,0.24997289086882968,7
1702,0,0.073364067,6
1703,0,0.6631462489752088,7
1704,0,0.5953663701568727,6
1705,0,0.4151456539927457,11
1706,0,0.42219223388067806,6
1707,1,0.7850639210464312,7
1708,0,0.19571264009964906,2
1709,1,0.8202533189448897,6
1710,1,0.6487471138950182,5
1711,0,0.4189697737795244,6
1712,0,0.4580286165838686,6
1713,1,0.2566472071860958,6
1714,0,0.7521143326969748,10
1715,0,0.5128747423052678,9
1716,1,0.3208545427498436,7
1717,0,0.5960501157609502,13
1718,1,0.995734452,6
1719,1,0.43526227965655384,5
1720,0,0.9206914007786196,6
1721,0,0.3450168399245661,13
1722,0,0.054732706924985886,5
1723,0,0.20424210636842888,8
1724,0,0.4186951433276842,6
1725,1,0.219634929,3
1726,0,0.000227038,3
1727,0,0.9150015377475272,4
1728,1,0.843879411,2
1729,1,0.7422922314869471,7
1730,1,0.16781459564602863,10
1731,0,0.12036357620998606,9
1732,1,0.067604749,5
1733,0,0.7240291887729212,8
1734,0,0.9288079606878853,3
1735,0,0.430535821,11
1736,1,0.11914067199604816,6
1737,0,0.5123928207321066,3
1738,0,0.34883190745863013,2
1739,0,0.3748249243499977,6
1740,0,0.6213306241557073,10
1741,1,0.7187181132622024,7
1742,1,0.11060359887316085,5
1743,1,0.035590230806476386,10
1744,0,0.9943303026857149,5
1745,0,0.23272834891555183,3
1746,0,0.053830524908459076,3
1747,0,0.18987532909591998,4
1748,0,0.038957846,2
1749,1,0.39181089461717167,5
1750,0,0.8024017844513243,4
1751,0,0.3412444497577206,7
1752,0,0.44418340687836655,7
1753,0,0.6755867735674388,7
1754,0,0.5088940700698802,9
1755,1,0.8614456860213242,5
1756,1,0.8660356750457565,9
1757,1,0.009910695,6
1758,0,0.7780463064831992,5
1759,0,0.46073360024167387,6
1760,0,0.9888405413036631,8
1761,0,0.48323207587543515,12
1762,1,0.9868959453882975,4
1763,0,0.7545693612057366,3
1764,0,0.24860488461330632,7
1765,0,0.5383949792869577,8
1766,0,0.9921356394785827,6
1767,1,0.8575306077519237,6
1768,0,0.097366894,4
1769,0,0.7063719968099961,5
1770,0,0.34557958587081306,15
1771,0,0.006982262,7
1772,1,0.4034809690269996,2
1773,1,0.2347544217249713,3
1774,1,0.8188692705204715,7
1775,1,0.3373306088457655,4
1776,0,0.8275236939538171,5
1777,1,0.000597939,6
1778,0,0.30781915002611915,5
1779,0,0.24116521430776194,8
1780,1,0.23356736106861098,9
1781,0,0.06818662,9
1782,1,0.18712427041050173,5
1783,0,0.5555495698856199,7
1784,1,0.2913610728377445,8
1785,1,0.41739478232914795,6
1786,1,0.3768668803471885,4
1787,1,0.8759049249998946,9
1788,1,0.9052989990105155,6
1789,0,0.49295697165586005,10
1790,0,0.3301559503156044,6
1791,0,0.10680070400236363,4
1792,1,0.953402879,6
1793,0,0.060226945,6
1794,1,0.29765027756828044,5
1795,0,0.29806620117000415,4
1796,0,0.3204012861402149,5
1797,1,0.16428684327240928,8
1798,0,0.7831614309236972,9
1799,0,0.12249786196598922,8
1800,0,0.6349066591531628,11
1801,1,0.12384602670581746,6
1802,1,0.070535638,12
1803,0,0.9094295036858765,10
1804,0,0.19012876631870568,8
1805,0,0.8212501545597043,3
1806,1,0.5446308711071358,9
1807,1,0.07785652,6
1808,0,0.9554481914380675,9
1809,0,0.24696116699189252,3
1810,0,0.8596453453526065,6
1811,1,0.16881000578456418,2
1812,1,0.8539428821418529,11
1813,0,0.013228812905293985,5
1814,0,0.5117804565694807,3
1815,0,0.7694425794215568,5
1816,1,0.9347955174927833,3
1817,0,0.909202136,9
1818,1,0.8196248695476449,10
1819,1,0.8881913496613041,7
1820,0,0.1992196858370765,12
1821,0,0.28418429571172876,5
1822,0,0.2889685249210585,6
1823,1,0.3770539310016988,3
1824,1,0.3933206703851887,12
1825,1,0.5445553246546755,6
1826,0,0.15987976336644139,12
1827,0,0.6912466637859893,7
1828,1,0.1675665393045065,4
1829,1,0.31030848210454753,4
1830,0,0.503345131,5
1831,1,0.7964405615234773,3
1832,1,0.7394692332387273,8
1833,0,0.6455343564105223,8
1834,1,0.15577326058017016,5
1835,1,0.5470453456155777,10
1836,1,0.087446502,7
1837,0,0.37736317679665077,4
1838,0,0.41351653028995916,9
1839,1,0.039811439,7
1840,0,0.2739880994699718,9
1841,0,0.9556494672664894,7
1842,0,0.9536326078296895,2
1843,0,0.3523270542525393,9
1844,1,0.043100108948324056,1
1845,1,0.17909493932818155,7
1846,0,0.39221779343354013,3
1847,0,0.9477796979692298,5
1848,0,0.14119906353718492,4
1849,1,0.7635158436682122,5
1850,1,0.10868253937469208,4
1851,0,0.9812575773912768,2
1852,1,0.381616499,3
1853,1,0.775234539,7
1854,1,0.3425910828111318,0
1855,1,0.6276688771588087,9
1856,0,0.19201608474003673,5
1857,1,0.14602101929696254,4
1858,0,0.9380641395681313,3
1859,1,0.9176472779044335,7
1860,1,0.8874689402128824,3
1861,1,0.6254334501665935,3
1862,1,0.8082682112162782,6
1863,0,0.069036937,8
1864,0,0.33478904189067915,5
1865,1,0.3137031247571562,5
1866,1,0.6356453219526133,7
1867,0,0.3559577734706405,5
1868,0,0.1485067816436808,5
1869,0,0.5964670754135437,3
1870,1,0.8143839206690815,10
1871,1,0.3821234944599732,4
1872,0,0.1322687150984817,7
1873,0,0.19668819731282305,6
1874,1,0.23748330516938398,4
1875,1,0.2998975929945362,7
1876,0,0.6427950705063091,6
1877,0,0.600945485,3
1878,0,0.6960798615670392,12
1879,0,0.36250198453151317,8
1880,0,0.8239976518799783,3
1881,1,0.20408766115576027,8
1882,1,0.46904074751815394,6
1883,1,0.8009387215414303,7
1884,1,0.18015864773261925,5
1885,0,0.10986311374078295,7
1886,0,0.8836839676879897,10
1887,0,0.3429296627591959,4
1888,0,0.683870125,4
1889,1,0.025348604,5
1890,1,0.6900468884094496,5
1891,0,0.3161013115469705,5
1892,0,0.055740854,14
1893,1,0.609812762,10
1894,0,0.24080381607317325,7
1895,0,0.386807242,6
1896,1,0.080580812,2
1897,1,0.14716325109494532,3
1898,0,0.29797723549584376,9
1899,0,0.089759501,8
1900,1,0.9108262646863152,3
1901,0,0.006047043,7
1902,0,0.4838602188643114,7
1903,1,0.12324745813255145,4
1904,0,0.30767908947794853,8
1905,1,0.9260595598182655,10
1906,0,0.16169455327398685,12
1907,1,0.9658323197183326,5
1908,0,0.2057943769894217,6
1909,0,0.7415661084668296,7
1910,0,0.5466772648973117,6
1911,0,0.8844787275967592,6
1912,1,0.5539932555031309,4
1913,1,0.5345592191563087,7
1914,0,0.1954580003683999,3
1915,0,0.16622936205165872,6
1916,1,0.9164891511155142,5
1917,1,0.32783819885003407,4
1918,0,0.37208225496289593,2
1919,0,0.7598236584283884,6
1920,0,0.33882348242280735,8
1921,1,0.9520624466390027,7
1922,0,0.7379277689988003,2
1923,1,0.597429243,11
1924,0,0.8808951605447525,9
1925,1,0.049605908,6
1926,0,0.25706269218920874,7
1927,0,0.46503633422090995,8
1928,0,0.22697853947152102,7
1929,1,0.7439051873021519,3
1930,0,0.9192080310537252,6
1931,0,0.4237701199309234,6
1932,0,0.34213260011189495,6
1933,0,0.9615507321375663,8
1934,1,0.44485243282754083,7
1935,1,0.4890484004492832,8
1936,1,0.35164987234190537,1
1937,0,0.9095484730121384,8
1938,1,0.5689554832818507,4
1939,0,0.7621745871816447,7
1940,0,0.8118067183508864,4
1941,0,0.3418490419172582,8
1942,0,0.43369433132038004,5
1943,1,0.8484717744062646,7
1944,1,0.36325535167581025,5
1945,1,0.7939351334518513,9
1946,0,0.9409923225744371,8
1947,0,0.623210373,3
1948,0,0.7416272874518889,4
1949,0,0.8050973120411349,9
1950,0,0.8450396488966425,4
1951,0,0.39505333785679597,1
1952,0,0.051263459,2
1953,0,0.4018762712367395,7
1954,1,0.6737562297840898,4
1955,1,0.4503503857807928,9
1956,1,0.7489631508603986,11
1957,1,0.3569824294686639,5
1958,0,0.6347441411040295,8
1959,1,0.18641980485397458,5
1960,1,0.7493694366449569,7
1961,0,0.5456959688130258,3
1962,0,0.20406438854660058,5
1963,1,0.29191117349780726,6
1964,0,0.7486087085818324,6
1965,0,0.4826012356615207,5
1966,0,0.2160314403930722,10
1967,0,0.9672711903702976,9
1968,0,0.7151250198168879,6
1969,0,0.9571348325397961,7
1970,0,0.4271050453603432,1
1971,0,0.47510034069172047,3
1972,1,0.8979552161850192,3
1973,0,0.5250493402453846,14
1974,0,0.7072789119056672,4
1975,0,0.25217287749552997,6
1976,1,0.44672646870264054,7
1977,0,0.12344986581035511,4
1978,0,0.20598003587696168,5
1979,1,0.000943415,2
1980,1,0.039265052,7
1981,0,0.9772838231769293,6
1982,1,0.2423536951367623,6
1983,0,0.66331071,10
1984,0,0.8390996987996115,6
1985,0,0.5506604592365643,7
1986,0,0.1531445000839562,7
1987,1,0.7281164373361664,5
1988,0,0.60025141,8
1989,0,0.7312505893473751,6
1990,1,0.7697466228570872,8
1991,1,0.9754103676847451,5
1992,0,0.57356328,6
1993,1,0.3416411126906018,5
1994,0,0.6484645569002371,7
1995,1,0.068440709,6
1996,1,0.8973973183215863,2
1997,1,0.11938101133819679,4
1998,0,0.32784283788581825,5
1999,0,0.8157453806261209,6
2000,0,0.5973123783307118,8
2001,0,0.3936355202774421,9
2002,0,0.4734356593750214,8
2003,1,0.8545473932021803,6
2004,0,0.34000438605989214,4
2005,0,0.8696496848121713,11
2006,1,0.088134431,5
2007,0,0.7767984372086307,12
2008,1,0.8475476330547363,8
2009,0,0.18181765283733875,4
2010,0,0.43034653237220044,2
2011,0,0.16549977466365562,5
2012,0,0.7066041289942178,8
2013,1,0.5353477680616567,3
2014,0,0.635323347,5
2015,0,0.19648696695621115,10
2016,0,0.21174586205241952,3
2017,0,0.041497326,3
2018,1,0.3220675351957297,8
2019,0,0.559744661,1
2020,1,0.8579349139973288,9
2021,1,0.6669274474586807,7
2022,0,0.43539632339975143,2
2023,1,0.9531201143941378,8
2024,0,0.7192452005758319,6
2025,0,0.930165203,7
2026,0,0.5275879732721657,9
2027,1,0.2589042747931396,8
2028,1,0.052826686364721986,9
2029,0,0.7260848514838505,5
2030,1,0.12130299800553412,8
2031,0,0.3027751282719672,7
2032,0,0.5324709078838974,9
2033,0,0.5644165877797477,5
2034,1,0.600583197,7
2035,1,0.16625533034970064,3
2036,0,0.37973740482164875,8
2037,0,0.6171942271169667,5
2038,0,0.9698188646337847,6
2039,0,0.7276311376996887,7
2040,0,0.9226037570939578,5
2041,1,0.762212058,9
2042,0,0.5917169688924004,6
2043,0,0.19202336913634455,6
2044,0,0.666685652,7
2045,1,0.6233795659599071,6
2046,1,0.6024691704572664,3
2047,0,0.48978586798824075,8
2048,1,0.5286566039892756,9
2049,0,0.33444252711810407,11
2050,0,0.5193126926423032,2
2051,0,0.19755590567847825,3
2052,0,0.8051743973603768,6
2053,0,0.1857769546987078,4
2054,1,0.08496629,7
2055,1,0.43624602635715737,7
2056,1,0.6583074395060619,4
2057,0,0.43771682493354136,5
2058,0,0.2767541319513086,4
2059,1,0.5581711838904407,6
2060,0,0.34700233541219994,7
2061,0,0.9328676901266331,5
2062,0,0.9226451396035721,4
2063,1,0.5023718199720955,6
2064,0,0.3278839940182585,10
2065,0,0.7371324139566391,9
2066,1,0.036712943,5
2067,0,0.47476900604365124,4
2068,0,0.33632339427033353,5
2069,0,0.9205358851025547,6
2070,0,0.012003027272682543,5
2071,1,0.5528148757183491,6
2072,0,0.740663581,4
2073,0,0.48501798752404124,10
2074,1,0.08540303,10
2075,1,0.9724613900279022,9
2076,1,0.5180104313760979,2
2077,0,0.6141862443190114,8
2078,0,0.23660978270750732,8
2079,1,0.4834980851068038,13
2080,1,0.42914949195832186,3
2081,0,0.074895842,4
2082,0,0.10616035354746722,7
2083,0,0.8374725196187746,5
2084,1,0.23981995220659025,7
2085,0,0.19495827149863054,6
2086,0,0.5049114512501393,3
2087,0,0.7687471313625129,8
2088,1,0.061946519,13
2089,1,0.5768079196382558,9
2090,0,0.11921044284057336,8
2091,1,0.036461051,7
2092,1,0.052743952,5
2093,0,0.8341641082084413,9
2094,0,0.11797248362806156,7
2095,0,0.045151364,8
2096,1,0.4378998871429123,5
2097,0,0.8439934719420248,5
2098,1,0.26240837648930193,6
2099,1,0.4217126175259164,6
2100,0,0.039922533,11
2101,1,0.4490785141348759,8
2102,0,0.5776130806371337,1
2103,0,0.5709070537521448,5
2104,1,0.33242669217436516,7
2105,1,0.3155331806631355,9
2106,0,0.10662361893659789,9
2107,1,0.3667983206462684,4
2108,1,0.099494669,11
2109,0,0.7665959447120516,7
2110,1,0.9662742977481859,3
2111,0,0.9700744566667069,8
2112,0,0.8650710993753938,8
2113,0,0.6007921493396191,4
2114,1,0.7008656972438799,9
2115,1,0.28520580268041407,6
2116,0,0.6307704201726206,9
2117,0,0.45564954943987745,1
2118,1,0.4820173397769325,5
2119,0,0.75777656,3
2120,1,0.28191835559725165,9
2121,1,0.3180396116945199,12
2122,0,0.9246417911286366,12
2123,1,0.056224294850972245,5
2124,0,0.4856342984133404,7
2125,1,0.9128008004078617,4
2126,1,0.610363008,7
2127,1,0.5464070742121321,5
2128,0,0.2497441792293552,3
2129,1,0.34327548906444827,4
2130,0,0.8520484158046929,6
2131,0,0.5592181317684581,8
2132,0,0.5147421937567799,2
2133,0,0.099579714,10
2134,0,0.016028156,4
2135,1,0.9636851886870491,9
2136,1,0.37698616728684164,7
2137,0,0.6032130620995043,2
2138,1,0.079715073,2
2139,0,0.6831142857230466,6
2140,1,0.9325667087059609,8
2141,1,0.5756652529974197,3
2142,0,0.12611532237541057,5
2143,1,0.5817215274734767,3
2144,0,0.7663472131046524,5
2145,0,0.40641653657401866,2
2146,1,0.8798377479414679,6
2147,0,0.6486829533573645,9
2148,0,0.8992489182892025,7
2149,0,0.6235053112473372,5
2150,1,0.13128797200482423,10
2151,0,0.3096917111051891,3
2152,0,0.20179494825245692,4
2153,1,0.9088264977168623,7
2154,1,0.7604000672874827,6
2155,0,0.676398369,4
2156,0,0.3009663196316217,2
2157,0,0.18404477205021352,9
2158,0,0.7564510879889118,1
2159,0,0.47415794587907967,7
2160,1,0.22578955215062912,5
2161,1,0.6166219781652751,9
2162,1,0.040333852138451975,5
2163,0,0.3261702541282535,6
2164,1,0.46855699459113465,4
2165,0,0.14795833410940584,6
2166,1,0.9846544775908396,2
2167,1,0.20909736458961425,4
2168,0,0.13035313004326554,8
2169,1,0.2035348738868964,8
2170,0,0.7690611331597242,6
2171,1,0.4255056592718428,6
2172,0,0.56541594,6
2173,0,0.021009156986360744,7
2174,1,0.034431308573314556,9
2175,0,0.44582554982701617,5
2176,1,0.8166552432016235,10
2177,0,0.8852388787075652,5
2178,1,0.086706568,4
2179,1,0.5383631021010228,10
2180,0,0.9132296862792705,4
2181,0,0.38797275439788637,6
2182,0,0.8295658314283686,7
2183,0,0.1336956543994362,8
2184,0,0.9353944896677987,4
2185,1,0.7514233175313026,6
2186,1,0.9413343927869017,2
2187,1,0.6766172335525065,9
2188,1,0.363403932,6
2189,1,0.9381811725247224,3
2190,1,0.2755667763091785,7
2191,0,0.33217252206173253,7
2192,1,0.7008084180017403,6
2193,1,0.7653162995253863,7
2194,0,0.9294034838491538,5
2195,0,0.2048024090562095,8
2196,0,0.797998035,4
2197,0,0.7385460533969634,1
2198,1,0.063794556,6
2199,0,0.38722314121020696,3
2200,0,0.2827654570600986,6
2201,1,0.3044904243540304,10
2202,0,0.9829468795547008,2
2203,0,0.6427774134799279,6
2204,0,0.7176761577934996,6
2205,1,0.9766176373150092,4
2206,1,0.3772017824576387,5
2207,0,0.8018401684528059,5
2208,1,0.43453096330449537,7
2209,0,0.8695336718149798,9
2210,1,0.18065754131130318,4
2211,1,0.9476861770642796,5
2212,1,0.21877170841087967,6
2213,0,0.3262205069809315,2
2214,1,0.7561922341067805,8
2215,1,0.3937551415654067,2
2216,0,0.6082113767664467,5
2217,1,0.4445735010694285,12
2218,0,0.7423699370897818,7
2219,1,0.22833125236861085,5
2220,0,0.058457987,6
2221,1,0.29992939747306624,9
2222,0,0.47430866486843026,1
2223,0,0.16802005219267857,9
2224,0,0.3547972896563887,7
2225,0,0.3999830182935685,4
2226,0,0.057391844,3
2227,0,0.5833072481842045,9
2228,0,0.8843434279712875,4
2229,0,0.15174291295305242,4
2230,0,0.597808013,8
2231,1,0.6647392049108463,6
2232,0,0.41933468041928834,12
2233,1,0.701097587,7
2234,1,0.41073154349101204,7
2235,1,0.5046372879774349,9
2236,0,0.007353045,3
2237,1,0.6917201141346888,5
2238,0,0.6613426789447244,4
2239,0,0.038400877,3
2240,0,0.3682501073951331,10
2241,1,0.9790318407916674,4
2242,0,0.4207365625686168,4
2243,0,0.5019454051318417,11
2244,1,0.9099301581597186,6
2245,1,0.7172618758657564,6
2246,0,0.5820701311242236,1
2247,0,0.7978046813410725,2
2248,1,0.8643662664559733,2
2249,0,0.45688807173726687,6
2250,0,0.4751083649318354,4
2251,0,0.3860509356518358,6
2252,1,0.9667061400184606,10
2253,1,0.6971662542903504,6
2254,1,0.083223066,5
2255,1,0.8629596233130185,9
2256,0,0.4805599408362681,5
2257,0,0.068753906,4
2258,0,0.549717255,7
2259,0,0.4171642789757021,8
2260,0,0.8777494048626249,2
2261,1,0.20399460360938737,3
2262,1,0.8264646094921829,8
2263,1,0.5576886911854527,6
2264,0,0.054610303,5
2265,1,0.9718453013254846,5
2266,1,0.5126152441031999,2
2267,0,0.2908768542315825,7
2268,1,0.4694068419892581,4
2269,0,0.857857784,12
2270,0,0.3049031243850635,7
2271,0,0.19267639648670032,10
2272,0,0.12907124693088146,6
2273,0,0.29785939839021125,9
2274,1,0.7800480870400435,6
2275,1,0.4716263651952617,11
2276,1,0.22748160369353998,9
2277,1,0.1661849996097492,6
2278,0,0.3327294765103791,10
2279,1,0.9399243728857088,5
2280,0,0.3430267125900244,7
2281,0,0.9881240759546354,7
2282,0,0.4852304557653562,8
2283,0,0.17916391829015088,2
2284,0,0.8911400917935094,8
2285,0,0.4603553731348269,8
2286,0,0.7096713435045244,6
2287,1,0.9837115832091518,4
2288,0,0.05017535,4
2289,0,0.09669456,10
2290,0,0.7204567414627562,7
2291,1,0.281825003,5
2292,0,0.18430139695009906,6
2293,0,0.039361879819729495,10
2294,0,0.021846711986201806,8
2295,0,0.7744856031197909,5
2296,0,0.134433427,4
2297,0,0.4677206159711509,5
2298,0,0.605896815,10
2299,0,0.42835180056884625,4
2300,0,0.027106652336233106,4
2301,1,0.7835015025879088,4
2302,0,0.010513224541653488,6
2303,0,0.761889894,9
2304,0,0.8933044937881227,7
2305,1,0.4328399210571723,8
2306,0,0.5355424730977982,9
2307,0,0.47698339261765377,4
2308,1,0.3892086186234388,3
2309,0,0.8874245353703603,4
2310,0,0.8939335106699905,11
2311,0,0.3358163646415345,13
2312,1,0.615069754,4
2313,0,0.9269075621458641,7
2314,1,0.9620584989413515,6
2315,1,0.5089590404220475,7
2316,0,0.4528248052843268,8
2317,0,0.2786943159285258,4
2318,0,0.958871873,10
2319,0,0.14281430447286736,3
2320,0,0.579829576,8
2321,1,0.2825502675186389,9
2322,1,0.2790082903477966,4
2323,1,0.40496858737618846,9
2324,0,0.9987929358156545,5
2325,1,0.054966306839822066,3
2326,1,0.5785418182035315,6
2327,1,0.082572158,4
2328,0,0.15452082999051897,5
2329,1,0.4395629417728987,6
2330,0,0.5104601313464413,7
2331,0,0.258792408,1
2332,0,0.3164571308744162,6
2333,1,0.08696702,7
2334,1,0.3032197838442505,6
2335,0,0.9665584393805441,10
2336,0,0.9447073816724817,7
2337,0,0.33487829,10
2338,0,0.5708539362787616,5
2339,0,0.9095953911109443,15
2340,0,0.006183823,5
2341,1,0.8106835703375919,8
2342,0,0.948369553,6
2343,0,0.091325734,6
2344,0,0.16144768603292103,10
2345,1,0.9607463027713554,10
2346,1,0.5375401436403463,5
2347,1,0.014196634471723701,9
2348,0,0.25763199876352916,1
2349,0,0.4499436742688596,7
2350,0,0.6929089110247677,8
2351,1,0.7331603781367996,7
2352,1,0.9954215129254561,8
2353,1,0.287511199,10
2354,1,0.5382201018684752,6
2355,1,0.533323548,3
2356,0,0.4056452594472375,9
2357,1,0.1691618938424202,4
2358,0,0.9774565631838426,3
2359,0,0.8533171866665861,4
2360,0,0.4983330282942372,6
2361,0,0.6032454226840298,5
2362,0,0.2272610535596623,10
2363,0,0.5437870703917469,8
2364,0,0.6949701331214758,6
2365,0,0.5151670283865888,11
2366,0,0.9902851705849413,8
2367,0,0.6113416562477262,5
2368,0,0.37097371259216905,3
2369,0,0.7721520276158381,7
2370,1,0.17046251158164205,4
2371,1,0.38451581370626653,4
2372,1,0.34695895037758584,0
2373,1,0.43180709510777726,8
2374,0,0.7817798259287263,10
2375,1,0.48417303216340746,7
2376,0,0.7940144502659627,3
2377,0,0.5764889031398659,10
2378,1,0.34206943465755535,4
2379,0,0.8099787436834724,10
2380,1,0.23828967055309158,2
2381,1,0.2243829797997955,9
2382,1,0.5045029240548358,4
2383,1,0.2608492459620889,6
2384,0,0.009087035,9
2385,0,0.6482975272988015,3
2386,0,0.511093821,8
2387,0,0.4455178144931612,5
2388,1,0.9669685146183153,6
2389,1,0.5711991839629137,5
2390,1,0.8634315777893845,9
2391,0,0.13945023620516017,12
2392,0,0.5692064631294277,7
2393,0,0.8679796267309029,2
2394,0,0.583105757,9
2395,1,0.7180141781270015,5
2396,0,0.3720435678122074,9
2397,0,0.092449517,6
2398,0,0.4579002951270714,7
2399,1,0.3944793908388575,7
2400,1,0.8670601823789473,7
2401,0,0.24399530235247224,3
2402,0,0.9667342275351081,5
2403,0,0.9581381198044961,6
2404,0,0.2476316430714387,11
2405,1,0.3480519554773205,5
2406,1,0.895555741,1
2407,0,0.9666222208961075,4
2408,0,0.44343910283604404,6
2409,1,0.3209970456408978,7
2410,0,0.526094013,5
2411,1,0.6877692063657348,5
2412,0,0.2734745153749798,3
2413,0,0.7364731746190728,3
2414,0,0.051657357114641034,5
2415,0,0.049294493,9
2416,1,0.3862877051455452,8
2417,0,0.3534731920607206,5
2418,0,0.3156332153671523,3
2419,0,0.491019763,8
2420,0,0.32073358231157123,8
2421,0,0.19225791846809193,5
2422,0,0.3094695490886009,4
2423,1,0.974904273,7
2424,0,0.4111134169948486,8
2425,0,0.44471277685833577,8
2426,1,0.57654499,1
2427,0,0.9833407684142266,6
2428,1,0.241601276,5
2429,0,0.6812821105324338,8
2430,1,0.7159846935417241,11
2431,1,0.6073244167930659,9
2432,1,0.08857834,10
2433,1,0.6768722758275765,4
2434,0,0.064094711,3
2435,1,0.5961426495498969,5
2436,0,0.7395811772217427,5
2437,0,0.21096989061995042,9
2438,0,0.841622008,7
2439,0,0.030353805533004263,4
2440,0,0.8438128636583061,4
2441,0,0.4603290506427651,4
2442,0,0.2175879399316445,11
2443,1,0.133778145,5
2444,1,0.9533071675823725,5
2445,0,0.072665588,5
2446,0,0.19909341993592566,4
2447,0,0.34782234743304596,5
2448,0,0.6202348489611205,5
2449,0,0.5448010852760984,6
2450,0,0.12564349241231398,9
2451,0,0.2897279837382146,3
2452,1,0.23875177108602408,8
2453,0,0.21354285449034138,3
2454,0,0.41114433647998705,8
2455,0,0.7040314525916569,6
2456,0,0.21745293221723594,9
2457,0,0.3666788797029814,7
2458,1,0.39091742684116226,5
2459,0,0.9764565294354102,2
2460,0,0.9546663568790689,4
2461,1,0.8001375827520759,4
2462,1,0.24165892081918516,2
2463,1,0.068037314,5
2464,0,0.31690413772062476,8
2465,1,0.26679454943383085,6
2466,0,0.5059258001463939,6
2467,0,0.7777279100677931,8
2468,0,0.858322939,10
2469,0,0.8448640854105085,6
2470,0,0.35967556122306776,6
2471,0,0.6872343434606829,4
2472,1,0.31283419752422004,11
2473,1,0.060905543,4
2474,1,0.7015652656029423,6
2475,0,0.009827553,3
2476,1,0.40918258745848857,9
2477,0,0.32937926930207573,3
2478,1,0.6933775385188524,8
2479,0,0.7662454727603789,14
2480,1,0.30409463597128383,5
2481,0,0.8116270144448535,5
2482,1,0.29391676050493376,7
2483,1,0.4463263599865612,5
2484,0,0.7270185270141339,5
2485,0,0.6929202292247886,4
2486,1,0.987368472,11
2487,0,0.22516102421593187,5
2488,1,0.6623179135395824,10
2489,0,0.6096819082757774,9
2490,0,0.9150984544900299,8
2491,0,0.15636214164487505,6
2492,0,0.751798164,4
2493,1,0.5682686162687683,8
2494,0,0.2746658697879054,6
2495,0,0.4744349141471741,6
2496,0,0.3337765970697978,10
2497,0,0.5793134027884609,5
2498,1,0.8890006108146659,5
2499,1,0.569304984,8
2500,0,0.631722418,4
2501,1,0.5187478471147094,6
2502,1,0.051165506445475906,10
2503,0,0.23285855687609425,6
2504,1,0.49200172943208276,4
2505,0,0.31023528374470477,11
2506,0,0.18176359776119422,5
2507,1,0.5041328419184383,9
2508,0,0.3228097934478503,6
2509,1,0.2581076431734147,5
2510,1,0.4639854174403808,10
2511,0,0.13328425808217315,2
2512,1,0.9277457330754073,7
2513,0,0.867702098,2
2514,0,0.7076205857405353,3
2515,1,0.10621382758845621,8
2516,1,0.775877254,7
2517,0,0.807957328,9
2518,0,0.7677646177143377,5
2519,1,0.11396588711924116,7
2520,1,0.6439079570677647,6
2521,1,0.8343247957493986,7
2522,0,0.5773534012196677,8
2523,0,0.646407375,6
2524,0,0.4583634794263062,7
2525,1,0.5287073198840526,9
2526,0,0.034376858351725215,7
2527,0,0.6389630219732846,3
2528,1,0.081447213,4
2529,0,0.4350145943402234,9
2530,1,0.2926550976674078,8
2531,1,0.5454279502117131,7
2532,1,0.13341633552320709,7
2533,0,0.6916434019733182,8
2534,0,0.7950115369284704,5
2535,1,0.1633544497431565,5
2536,1,0.10431308735188216,3
2537,1,0.14551548278735915,3
2538,0,0.8771275618985017,4
2539,1,0.5281892617563562,5
2540,1,0.4672609960075026,9
2541,1,0.10671181910235428,7
2542,1,0.6495560067569618,5
2543,1,0.8679995918950899,8
2544,1,0.828185869,7
2545,0,0.6260547089808013,5
2546,0,0.075278717,6
2547,0,0.11239702717601296,5
2548,0,0.049308987109824676,6
2549,0,0.2574792164924693,4
2550,0,0.13566146716037775,5
2551,0,0.2600480402524339,8
2552,0,0.3850580557189617,3
2553,1,0.9429827840711357,3
2554,1,0.6103760597816921,7
2555,0,0.8349737856829623,5
2556,1,0.7103515007123322,4
2557,0,0.11250313052663174,6
2558,0,0.7359204063739488,6
2559,0,0.27509888155912443,3
2560,0,0.6391078469947064,5
2561,1,0.3409619736429885,3
2562,1,0.9976722632646592,5
2563,0,0.2635514794967778,7
2564,0,0.27913047077426967,6
2565,0,0.9306722555623983,1
2566,0,0.024644405,7
2567,0,0.6966889878731969,8
2568,0,0.7253263907358781,4
2569,1,0.8363785774103993,4
2570,1,0.9744393106384753,8
2571,0,0.9756019191566524,3
2572,1,0.065276758,4
2573,0,0.8218393227529025,9
2574,0,0.6463099336573813,8
2575,0,0.6473421343730912,10
2576,1,0.1283499266146948,8
2577,1,0.6501871664456533,5
2578,1,0.9824825806012478,8
2579,0,0.91181857,7
2580,1,0.4391306608048505,9
2581,0,0.039947973,4
2582,1,0.36229349000020483,6
2583,0,0.8263903116005552,8
2584,0,0.701499101,10
2585,0,0.4593436555939564,7
2586,1,0.055101535158831094,5
2587,0,0.4268947278233026,5
2588,1,0.4690249397178835,4
2589,0,0.928555533,4
2590,1,0.6410861035821595,6
2591,1,0.3116529166546489,8
2592,1,0.5253182644507214,5
2593,0,0.066055308,7
2594,0,0.9725682356497368,4
2595,0,0.360059902,6
2596,1,0.4778673549131358,7
2597,0,0.3552839742369226,9
2598,0,0.6825117301162001,5
2599,0,0.662232158,9
2600,0,0.7153223105291356,2
2601,1,0.26814322961192083,5
2602,0,0.315668481,5
2603,1,0.12525123109620795,14
2604,0,0.6555099718461126,1
2605,0,0.039797127,5
2606,0,0.5976823355234591,11
2607,0,0.8696958848516338,11
2608,0,0.8908321482896335,6
2609,1,0.4490377603699617,5
2610,0,0.45930368821307377,3
2611,1,0.076969183,4
2612,0,0.6707650254430357,4
2613,0,0.8212594203728455,4
2614,1,0.24465505460471304,4
2615,0,0.42130088163336465,7
2616,0,0.8388393367652703,10
2617,0,0.877120468,8
2618,0,0.24317998026422594,1
2619,1,0.5505706345413642,6
2620,0,0.19249315063582706,6
2621,1,0.10187876413955654,8
2622,1,0.9111205013919575,11
2623,0,0.8205075042321092,6
2624,1,0.7600349018031739,7
2625,0,0.048766319,6
2626,1,0.8437287927102575,3
2627,0,0.43804407590538375,3
2628,1,0.34239512329585964,11
2629,0,0.5464763610253764,4
2630,0,0.091353243,4
2631,1,0.7566465493523988,5
2632,1,0.5824350768882959,5
2633,0,0.18659009687316752,7
2634,0,0.1882321997690456,11
2635,1,0.18424865157267423,5
2636,1,0.057002387551933986,5
2637,1,0.5877984493716848,3
2638,1,0.8403481775885081,4
2639,1,0.017498214,4
2640,1,0.049004645,4
2641,0,0.5727702766869458,6
2642,0,0.8194956853860523,5
2643,1,0.3267388905686336,6
2644,1,0.34961439880772216,7
2645,0,0.5963464974967759,9
2646,0,0.274212889,9
2647,1,0.026608366,4
2648,0,0.7352285181015961,12
2649,0,0.6256499129414531,5
2650,0,0.5807559990556591,4
2651,0,0.7416841289918231,5
2652,0,0.6752308375620375,5
2653,0,0.20588198817832115,5
2654,0,0.35248104694335114,7
2655,1,0.126110142,6
2656,0,0.12985701341788103,5
2657,1,0.6761957463565392,7
2658,1,0.8586001069824982,4
2659,0,0.962732584,3
2660,1,0.6283471175494444,8
2661,0,0.18410132336095697,5
2662,1,0.1056503454489307,14
2663,0,0.8128509715367578,5
2664,1,0.5787564763599993,8
2665,1,0.6182850210137198,5
2666,0,0.7814620887547092,3
2667,0,0.7032772277324516,10
2668,1,0.8344582528560966,2
2669,1,0.056213905,3
2670,0,0.7475206367465048,8
2671,1,0.8508527573220954,6
2672,0,0.28613504245831434,7
2673,1,0.6404472739932529,4
2674,0,0.3141620638369721,2
2675,1,0.957971066,4
2676,0,0.033423572,1
2677,0,0.579792844,7
2678,0,0.1665035470495151,3
2679,0,0.7122202051771587,7
2680,0,0.17589028341866209,4
2681,0,0.23538326189835757,8
2682,1,0.4943708110457581,3
2683,0,0.9148349499968781,6
2684,0,0.21171437214797084,6
2685,0,0.14424002111810352,6
2686,0,0.7589768318540306,5
2687,0,0.500619532,7
2688,0,0.9117851123817714,7
2689,0,0.14661455715984228,4
2690,0,0.6459278930230393,4
2691,0,0.23287914615181504,8
2692,0,0.1567604286516393,6
2693,0,0.6834294151572705,6
2694,0,0.5936846199087332,5
2695,1,0.7548274583623312,5
2696,0,0.30946257644618236,6
2697,1,0.44797165638218994,7
2698,0,0.4054716763304185,9
2699,1,0.9840894639665142,5
2700,1,0.2922489567393879,3
2701,0,0.2948172383467669,6
2702,1,0.3545482088286074,4
2703,0,0.5645940812903215,8
2704,0,0.25232274426374524,7
2705,1,0.9152899403792739,14
2706,1,0.2656855648662635,7
2707,0,0.8958157315601947,5
2708,0,0.10347506364658465,4
2709,0,0.6565627023996523,4
2710,0,0.9069855184382437,10
2711,1,0.16874943839822953,6
2712,0,0.96832696,5
2713,0,0.4528833604155117,3
2714,0,0.9457151084410245,4
2715,0,0.676820044,12
2716,0,0.30158686987355154,6
2717,1,0.18830252491710642,3
2718,1,0.3037350462250994,13
2719,1,0.093017409,7
2720,0,0.14386796634332977,5
2721,1,0.10466044034648114,3
2722,1,0.42294354374155774,5
2723,1,0.7955783762575864,3
2724,0,0.1413835542163402,13
2725,0,0.13032043317233588,7
2726,0,0.6434289495173308,5
2727,0,0.19718298196806627,4
2728,0,0.097610038,9
2729,0,0.16684857820557764,6
2730,0,0.9237313958767761,5
2731,1,0.8214712527761908,8
2732,0,0.3540645623550941,3
2733,0,0.6558207673273928,5
2734,1,0.5372756736680381,6
2735,1,0.6771242634825639,7
2736,1,0.6826711524627593,9
2737,1,0.6287340150599929,3
2738,0,0.2661013685373086,4
2739,1,0.039006421,3
2740,0,0.4555667819901088,5
2741,0,0.8909738846907038,10
2742,0,0.5694972585185759,8
2743,0,0.8323910417019079,3
2744,0,0.9916243429612281,9
2745,1,0.16361620413827627,10
2746,1,0.6917776391419823,4
2747,0,0.6742935737000246,7
2748,0,0.9799554473582784,9
2749,1,0.9856007339528003,7
2750,1,0.6866786117241295,12
2751,0,0.24361479198219427,3
2752,1,0.798555838,3
2753,0,0.1070291342110381,6
2754,0,0.7806993041716287,7
2755,1,0.9101961241446964,4
2756,0,0.38283339476843525,3
2757,0,0.6306352949830805,7
2758,1,0.4301427320968263,7
2759,1,0.43776505498812845,6
2760,0,0.31037088910812005,0
2761,0,0.7621296204503246,2
2762,0,0.9361765641665052,8
2763,1,0.9407508592344611,6
2764,0,0.17478128487493383,8
2765,0,0.87474365,5
2766,1,0.7374314414271221,7
2767,0,0.25283740069028926,4
2768,0,0.067284613,6
2769,0,0.26799726688437797,10
2770,1,0.9122082367815256,6
2771,0,0.6331786748957723,9
2772,0,0.7210546608978718,5
2773,1,0.25715235110909584,6
2774,0,0.7193881555748203,2
2775,0,0.028121506277923758,7
2776,0,0.3753213457730138,3
2777,0,0.6267533485423312,9
2778,0,0.14609656554132022,9
2779,0,0.8230035744469347,3
2780,0,0.23503129881191864,3
2781,0,0.6522811128184463,7
2782,1,0.4051971425753297,8
2783,1,0.5960435954776472,5
2784,1,0.10745055262890812,8
2785,1,0.016912799921607324,8
2786,0,0.9095644273803012,4
2787,1,0.2696300087671828,7
2788,0,0.8196770027804591,5
2789,1,0.9993503004722002,6
2790,1,0.21143125799891116,4
2791,1,0.2651707411833556,9
2792,1,0.6628597876346657,6
2793,0,0.9654486346006212,4
2794,0,0.9158143481907439,4
2795,0,0.5028755200655849,4
2796,0,0.7951102825267247,5
2797,0,0.13574585309990106,6
2798,1,0.9774381842040123,5
2799,1,0.9643532340359865,5
2800,0,0.16372895787917097,8
2801,1,0.2994231248031066,9
2802,1,0.10015499750676693,4
2803,1,0.2717175988981797,6
2804,1,0.8159557894152066,4
2805,0,0.37831560716525947,3
2806,1,0.088396967,7
2807,1,0.34222552477890456,8
2808,0,0.9813833342412801,9
2809,0,0.6296835952592029,7
2810,1,0.41616094640615775,4
2811,0,0.166538513,7
2812,1,0.9861767972836948,6
2813,1,0.8208490092631288,5
2814,0,0.2814773024509194,8
2815,0,0.070068696,4
2816,1,0.056625557,4
2817,0,0.12037814950553383,10
2818,0,0.5807685836144216,7
2819,0,0.9287634212054924,5
2820,0,0.4967434280059845,4
2821,1,0.8429454824561972,3
2822,0,0.4458866198598078,3
2823,1,0.7085835457678252,6
2824,0,0.7318727372865008,10
2825,0,0.17396370590333865,3
2826,1,0.36121605897581177,6
2827,1,0.6373021565380239,6
2828,0,0.070696608,10
2829,0,0.3615401877629566,4
2830,0,0.5347994662811925,7
2831,0,0.9962244930446387,7
2832,1,0.47453356262244073,9
2833,0,0.8160567571143236,8
2834,0,0.43206728506661773,8
2835,0,0.7963907226197089,5
2836,1,0.5954148016201084,1
2837,1,0.8865954415023983,4
2838,0,0.4109425523501099,7
2839,1,0.6043044198214789,1
2840,0,0.6300186806188274,4
2841,0,0.4173829418004733,7
2842,1,0.14431204368748152,4
2843,1,0.093559407,7
2844,1,0.016671551,3
2845,0,0.8735342642452146,3
2846,0,0.23647491223869455,14
2847,1,0.21150674928176805,6
2848,0,0.7360354004260655,2
2849,0,0.32001611308739175,5
2850,0,0.5060446924118366,7
2851,1,0.1625110652974563,7
2852,0,0.9597457214619692,1
2853,0,0.8515814000172374,7
2854,1,0.8637896229650033,3
2855,0,0.4067737485720052,6
2856,0,0.7623612137071728,4
2857,0,0.14387615538978016,6
2858,0,0.008619003,6
2859,0,0.019972932578028124,3
2860,0,0.5866017374045605,5
2861,1,0.4553949052479408,6
2862,0,0.5180153489085197,7
2863,1,0.00746314,3
2864,0,0.4226866196574257,9
2865,0,0.7180681612008608,10
2866,0,0.44269370196743585,9
2867,0,0.7322192063122223,8
2868,1,0.23301896439683478,8
2869,0,0.8131420044817255,6
2870,0,0.5884312404534523,8
2871,1,0.21076309942990623,5
2872,1,0.23672047585383293,3
2873,1,0.628030465,5
2874,0,0.8299395932124434,9
2875,1,0.4156277820291552,5
2876,0,0.2583004291275922,3
2877,0,0.8670116069106004,9
2878,0,0.6692682917508349,9
2879,0,0.4480854872830765,7
2880,0,0.48790019527930184,2
2881,0,0.2042564679363964,7
2882,1,0.6268026300648439,8
2883,0,0.35874251054288864,6
2884,0,0.9956451766743493,4
2885,0,0.48018351526188785,9
2886,1,0.4858856061896132,4
2887,0,0.5658517874106719,6
2888,0,0.9167560031187467,3
2889,1,0.8008180998597503,8
2890,1,0.4511300697978414,3
2891,0,0.718699266,6
2892,1,0.5862354987807616,6
2893,1,0.4923670487012489,8
2894,1,0.19231577278435052,9
2895,0,0.4639362634548909,6
2896,1,0.24581858702257464,4
2897,0,0.9148421498516547,7
2898,0,0.33540681349634693,4
2899,0,0.9522640145333723,5
2900,0,0.5330552900947112,9
2901,0,0.6315443786761603,5
2902,1,0.5429404444893278,4
2903,0,0.1293806169667009,2
2904,0,0.37582121900794097,6
2905,0,0.099146112,12
2906,0,0.6229540441833817,5
2907,1,0.4468741952004389,7
2908,0,0.7779849715709368,7
2909,0,0.22047048099936983,5
2910,0,0.16456605842933492,4
2911,0,0.4063322309637678,6
2912,0,0.9265853832183811,2
2913,1,0.7104218150124118,5
2914,1,0.41892362479291867,7
2915,0,0.5172721697543106,10
2916,1,0.084213011,3
2917,1,0.9845758963761131,5
2918,1,0.6664073046949189,9
2919,0,0.2854040684634225,5
2920,0,0.5858083942152443,7
2921,0,0.10948236606899397,7
2922,1,0.9658366688075836,3
2923,1,0.17478498788336594,9
2924,0,0.6480303180552142,5
2925,0,0.24545446253893044,5
2926,1,0.7175613826485358,7
2927,1,0.7768213672402811,3
2928,1,0.6734197289114326,7
2929,1,0.6144994602551925,7
2930,0,0.8924690939520117,9
2931,0,0.078626711,9
2932,1,0.3309147657801952,4
2933,0,0.24828747963084596,5
2934,0,0.9880139620654216,3
2935,1,0.3893897796668735,10
2936,0,0.7326126992403987,3
2937,1,0.6847251638810046,1
2938,0,0.21208123747737773,3
2939,1,0.23899768021155132,3
2940,0,0.2812845635530341,8
2941,0,0.4111272782593792,7
2942,1,0.2343250656505268,10
2943,0,0.019651482746847804,7
2944,1,0.8793930568071955,7
2945,1,0.9656098313808841,7
2946,0,0.34157038703156795,7
2947,0,0.33850687942547286,8
2948,0,0.007091813,8
2949,0,0.680250688,4
2950,1,0.8254398957486287,5
2951,1,0.14660830036000316,4
2952,1,0.15966634936715074,8
2953,1,0.7900832499714378,4
2954,0,0.6162907483541447,3
2955,1,0.044860558,5
2956,1,0.6225469904622817,3
2957,1,0.30891772284376606,8
2958,1,0.36872515547084594,6
2959,0,0.7697314182968802,5
2960,1,0.8109351926726106,6
2961,0,0.40035662683983064,6
2962,0,0.9471529360063548,7
2963,0,0.40646271795207223,7
2964,1,0.7718360352301099,3
2965,1,0.48387726456425906,8
2966,1,0.897532327,2
2967,1,0.9077612436501786,5
2968,0,0.087416808,6
2969,1,0.9364933313102257,12
2970,0,0.8255348415204157,4
2971,0,0.7913107143126669,4
2972,0,0.20091133968552244,2
2973,1,0.8051192087546649,7
2974,1,0.8501327346850368,4
2975,0,0.28915033445415095,2
2976,0,0.9522600783623237,7
2977,1,0.049860146,5
2978,0,0.14990925324713966,6
2979,1,0.5375811380515143,8
2980,1,0.5757924711223097,3
2981,0,0.6451500833009034,6
2982,0,0.016969129315466458,7
2983,1,0.9603667746221303,5
2984,1,0.044588093,10
2985,0,0.14306195272340239,7
2986,1,0.014014518,7
2987,0,0.5668584332940947,5
2988,0,0.9322668839209722,7
2989,1,0.6659471660804642,6
2990,1,0.8226574684804273,4
2991,0,0.013281203458580082,7
2992,1,0.5420152984797261,8
2993,0,0.4595629775055219,6
2994,0,0.49896794422079305,4
2995,0,0.072213185,9
2996,1,0.6844353610693075,4
2997,0,0.5032204148586344,17
2998,0,0.76514885,6
2999,0,0.48529063406171535,11
3000,1,0.14938163622643208,9
